arc,originnode,destinationnode,capacity
1,1,64,122.0
2,1,75,115.0
3,1,90,131.0
4,1,108,82.0
5,1,121,94.0
6,1,123,147.0
7,1,183,61.0
8,1,208,116.0
9,1,221,103.0
10,1,223,110.0
11,1,258,109.0
12,1,321,135.0
13,2,19,74.0
14,2,21,67.0
15,2,45,135.0
16,2,109,111.0
17,2,114,71.0
18,2,128,139.0
19,2,140,90.0
20,2,328,94.0
21,2,345,147.0
22,2,379,95.0
23,2,385,146.0
24,3,35,83.0
25,3,74,52.0
26,3,107,122.0
27,3,130,58.0
28,3,191,148.0
29,3,246,103.0
30,3,247,80.0
31,3,299,73.0
32,4,13,122.0
33,4,29,75.0
34,4,68,147.0
35,4,112,55.0
36,4,113,144.0
37,4,142,123.0
38,4,202,86.0
39,4,226,106.0
40,4,245,79.0
41,4,285,125.0
42,4,373,84.0
43,4,383,56.0
44,5,148,96.0
45,5,172,93.0
46,5,177,65.0
47,5,179,147.0
48,5,238,114.0
49,5,265,116.0
50,5,294,148.0
51,5,323,105.0
52,5,343,79.0
53,5,349,142.0
54,5,374,83.0
55,5,375,99.0
56,5,384,65.0
57,6,62,135.0
58,6,65,123.0
59,6,127,69.0
60,6,133,122.0
61,6,134,53.0
62,6,143,54.0
63,6,163,86.0
64,6,188,129.0
65,6,230,112.0
66,6,280,84.0
67,6,315,66.0
68,6,316,140.0
69,6,365,64.0
70,6,368,146.0
71,6,371,102.0
72,6,392,146.0
73,6,398,126.0
74,6,399,71.0
75,7,84,72.0
76,7,136,97.0
77,7,137,105.0
78,7,154,60.0
79,7,173,131.0
80,7,210,61.0
81,7,218,109.0
82,7,241,56.0
83,7,288,75.0
84,7,314,119.0
85,7,325,148.0
86,7,335,148.0
87,7,341,140.0
88,8,117,137.0
89,8,208,131.0
90,8,214,122.0
91,8,259,140.0
92,8,339,82.0
93,8,372,107.0
94,9,17,72.0
95,9,33,73.0
96,9,34,86.0
97,9,66,86.0
98,9,99,96.0
99,9,105,117.0
100,9,250,149.0
101,9,308,76.0
102,9,388,116.0
103,10,48,71.0
104,10,52,53.0
105,10,60,92.0
106,10,63,98.0
107,10,79,101.0
108,10,97,86.0
109,10,157,143.0
110,10,235,74.0
111,10,252,149.0
112,10,262,106.0
113,10,266,149.0
114,10,305,53.0
115,10,312,125.0
116,10,331,51.0
117,10,351,107.0
118,10,354,120.0
119,11,119,76.0
120,11,132,123.0
121,11,160,86.0
122,11,269,129.0
123,11,333,90.0
124,12,26,90.0
125,12,45,121.0
126,12,54,72.0
127,12,88,106.0
128,12,102,142.0
129,12,104,88.0
130,12,109,99.0
131,12,132,115.0
132,12,269,108.0
133,12,295,72.0
134,12,297,97.0
135,12,309,113.0
136,12,333,130.0
137,13,4,76.0
138,13,101,146.0
139,13,112,150.0
140,13,113,53.0
141,13,142,59.0
142,13,187,111.0
143,13,278,67.0
144,13,311,78.0
145,13,373,122.0
146,13,383,146.0
147,14,18,52.0
148,14,34,82.0
149,14,72,67.0
150,14,139,150.0
151,14,166,115.0
152,14,307,148.0
153,14,350,63.0
154,15,20,98.0
155,15,32,98.0
156,15,46,142.0
157,15,53,127.0
158,15,92,119.0
159,15,100,60.0
160,15,118,62.0
161,15,189,77.0
162,15,239,80.0
163,15,256,81.0
164,15,396,118.0
165,16,29,89.0
166,16,41,95.0
167,16,50,77.0
168,16,59,108.0
169,16,78,60.0
170,16,180,79.0
171,16,186,84.0
172,16,226,147.0
173,16,228,62.0
174,16,254,93.0
175,16,285,74.0
176,16,301,65.0
177,16,308,86.0
178,17,9,134.0
179,17,66,147.0
180,17,72,129.0
181,17,82,87.0
182,17,105,138.0
183,17,250,141.0
184,18,14,76.0
185,18,34,73.0
186,18,139,92.0
187,18,166,115.0
188,18,307,123.0
189,19,2,64.0
190,19,21,58.0
191,19,114,99.0
192,19,128,76.0
193,19,151,58.0
194,19,290,89.0
195,19,362,77.0
196,19,377,91.0
197,19,385,94.0
198,20,15,117.0
199,20,32,86.0
200,20,46,103.0
201,20,53,93.0
202,20,92,96.0
203,20,100,103.0
204,20,118,94.0
205,20,182,65.0
206,20,189,133.0
207,20,227,102.0
208,20,239,80.0
209,20,256,53.0
210,20,396,126.0
211,21,2,149.0
212,21,19,83.0
213,21,114,92.0
214,21,128,110.0
215,21,151,147.0
216,21,362,73.0
217,21,377,69.0
218,21,385,147.0
219,22,73,57.0
220,22,83,53.0
221,22,93,96.0
222,22,185,147.0
223,22,199,120.0
224,22,233,115.0
225,22,260,140.0
226,22,306,80.0
227,22,313,101.0
228,22,340,54.0
229,22,357,138.0
230,23,27,133.0
231,23,168,56.0
232,23,225,122.0
233,23,264,60.0
234,23,268,122.0
235,23,279,130.0
236,23,283,86.0
237,23,327,126.0
238,23,347,62.0
239,24,55,135.0
240,24,119,124.0
241,24,319,130.0
242,24,339,108.0
243,24,372,106.0
244,25,49,88.0
245,25,70,145.0
246,25,134,105.0
247,25,368,83.0
248,25,370,136.0
249,25,386,113.0
250,26,12,117.0
251,26,45,130.0
252,26,54,133.0
253,26,88,122.0
254,26,102,106.0
255,26,109,110.0
256,26,132,66.0
257,26,140,139.0
258,26,269,72.0
259,26,297,63.0
260,26,309,59.0
261,26,333,103.0
262,26,345,128.0
263,27,23,129.0
264,27,38,79.0
265,27,175,94.0
266,27,178,132.0
267,27,268,97.0
268,27,276,145.0
269,27,277,63.0
270,27,283,69.0
271,27,327,146.0
272,27,347,91.0
273,28,44,108.0
274,28,75,142.0
275,28,116,109.0
276,28,183,144.0
277,28,214,142.0
278,28,236,137.0
279,28,244,77.0
280,28,257,74.0
281,28,259,67.0
282,29,4,61.0
283,29,16,76.0
284,29,41,104.0
285,29,50,71.0
286,29,59,52.0
287,29,113,59.0
288,29,152,145.0
289,29,180,137.0
290,29,186,76.0
291,29,226,51.0
292,29,254,70.0
293,29,285,56.0
294,29,308,120.0
295,29,383,106.0
296,30,106,144.0
297,30,222,83.0
298,30,263,51.0
299,31,85,81.0
300,31,87,101.0
301,31,120,144.0
302,31,129,144.0
303,31,197,110.0
304,31,216,118.0
305,31,220,100.0
306,31,224,100.0
307,31,228,148.0
308,31,232,130.0
309,31,301,67.0
310,31,342,74.0
311,31,369,123.0
312,32,15,90.0
313,32,20,67.0
314,32,118,130.0
315,32,182,85.0
316,32,189,147.0
317,32,273,105.0
318,32,290,148.0
319,32,377,71.0
320,32,396,140.0
321,33,9,72.0
322,33,34,70.0
323,33,99,122.0
324,33,105,139.0
325,33,139,112.0
326,33,152,118.0
327,33,166,97.0
328,33,250,98.0
329,33,307,74.0
330,33,350,108.0
331,33,388,135.0
332,34,9,92.0
333,34,14,143.0
334,34,18,98.0
335,34,33,134.0
336,34,72,53.0
337,34,105,84.0
338,34,139,79.0
339,34,166,101.0
340,34,250,138.0
341,34,307,119.0
342,34,350,53.0
343,35,3,138.0
344,35,62,67.0
345,35,74,59.0
346,35,107,140.0
347,35,130,77.0
348,35,133,85.0
349,35,134,87.0
350,35,143,67.0
351,35,153,67.0
352,35,163,56.0
353,35,191,80.0
354,35,246,105.0
355,35,247,81.0
356,35,299,109.0
357,36,61,96.0
358,36,115,102.0
359,36,128,78.0
360,36,204,61.0
361,36,205,77.0
362,36,275,111.0
363,36,282,98.0
364,36,304,55.0
365,36,328,96.0
366,36,381,124.0
367,37,73,96.0
368,37,89,112.0
369,37,94,102.0
370,37,138,58.0
371,37,253,110.0
372,37,286,111.0
373,37,289,75.0
374,37,291,123.0
375,37,360,59.0
376,37,367,83.0
377,38,27,108.0
378,38,40,88.0
379,38,110,128.0
380,38,124,122.0
381,38,175,84.0
382,38,178,76.0
383,38,261,74.0
384,38,276,65.0
385,38,277,57.0
386,38,283,95.0
387,38,330,71.0
388,38,361,112.0
389,39,115,56.0
390,39,161,130.0
391,39,165,105.0
392,39,204,129.0
393,39,205,112.0
394,39,217,81.0
395,39,231,88.0
396,39,304,82.0
397,39,390,100.0
398,39,393,147.0
399,39,394,81.0
400,39,400,51.0
401,40,38,147.0
402,40,110,132.0
403,40,124,82.0
404,40,178,54.0
405,40,200,91.0
406,40,276,117.0
407,40,277,141.0
408,40,330,147.0
409,40,361,93.0
410,40,366,134.0
411,40,391,82.0
412,41,16,59.0
413,41,29,60.0
414,41,50,96.0
415,41,59,104.0
416,41,78,50.0
417,41,174,129.0
418,41,180,141.0
419,41,186,62.0
420,41,211,108.0
421,41,226,145.0
422,41,228,149.0
423,41,254,127.0
424,41,285,66.0
425,41,301,124.0
426,41,334,66.0
427,41,376,128.0
428,42,146,97.0
429,42,196,129.0
430,42,203,142.0
431,42,212,127.0
432,42,380,115.0
433,43,111,145.0
434,43,135,125.0
435,43,146,77.0
436,43,193,68.0
437,43,213,72.0
438,43,215,110.0
439,43,251,150.0
440,43,257,146.0
441,43,332,143.0
442,43,337,136.0
443,43,380,135.0
444,43,382,114.0
445,44,28,139.0
446,44,75,139.0
447,44,116,86.0
448,44,183,133.0
449,44,208,79.0
450,44,214,130.0
451,44,236,125.0
452,44,244,59.0
453,44,257,73.0
454,44,258,58.0
455,44,259,144.0
456,45,2,67.0
457,45,12,83.0
458,45,26,133.0
459,45,54,73.0
460,45,88,97.0
461,45,102,123.0
462,45,109,111.0
463,45,140,61.0
464,45,297,53.0
465,45,309,113.0
466,45,328,119.0
467,45,333,86.0
468,45,345,123.0
469,45,355,86.0
470,46,15,64.0
471,46,20,68.0
472,46,92,116.0
473,46,100,109.0
474,46,124,70.0
475,46,227,80.0
476,46,239,127.0
477,46,256,125.0
478,46,261,142.0
479,46,276,116.0
480,46,277,132.0
481,46,330,137.0
482,47,69,58.0
483,47,77,85.0
484,47,89,125.0
485,47,94,57.0
486,47,167,100.0
487,47,272,90.0
488,47,289,53.0
489,47,335,93.0
490,47,363,100.0
491,48,10,140.0
492,48,52,123.0
493,48,60,62.0
494,48,63,82.0
495,48,79,86.0
496,48,96,123.0
497,48,97,100.0
498,48,145,112.0
499,48,235,102.0
500,48,252,77.0
501,48,262,91.0
502,48,266,112.0
503,48,286,72.0
504,48,292,64.0
505,48,317,123.0
506,48,331,138.0
507,48,354,55.0
508,48,367,67.0
509,49,25,133.0
510,49,70,126.0
511,49,134,57.0
512,49,370,110.0
513,49,386,103.0
514,50,16,144.0
515,50,29,103.0
516,50,41,143.0
517,50,59,122.0
518,50,78,101.0
519,50,80,102.0
520,50,158,120.0
521,50,171,71.0
522,50,174,138.0
523,50,180,131.0
524,50,186,141.0
525,50,211,88.0
526,50,226,101.0
527,50,254,66.0
528,50,285,102.0
529,50,334,70.0
530,50,376,123.0
531,51,91,113.0
532,51,137,120.0
533,51,169,102.0
534,51,192,78.0
535,51,218,137.0
536,51,325,128.0
537,52,10,122.0
538,52,48,124.0
539,52,60,116.0
540,52,63,149.0
541,52,79,133.0
542,52,96,116.0
543,52,97,58.0
544,52,148,97.0
545,52,157,113.0
546,52,172,66.0
547,52,235,96.0
548,52,252,94.0
549,52,262,53.0
550,52,266,64.0
551,52,292,92.0
552,52,305,56.0
553,52,318,100.0
554,52,331,108.0
555,52,351,91.0
556,52,354,96.0
557,53,15,106.0
558,53,20,92.0
559,53,98,93.0
560,53,100,68.0
561,53,118,150.0
562,53,182,89.0
563,53,239,84.0
564,53,256,56.0
565,53,262,146.0
566,53,267,127.0
567,53,305,74.0
568,53,312,83.0
569,53,354,111.0
570,53,396,91.0
571,54,12,131.0
572,54,26,145.0
573,54,45,121.0
574,54,88,64.0
575,54,104,106.0
576,54,109,64.0
577,54,125,107.0
578,54,140,62.0
579,54,165,55.0
580,54,219,127.0
581,54,281,86.0
582,54,295,62.0
583,54,297,112.0
584,54,309,126.0
585,54,328,144.0
586,54,355,65.0
587,54,356,129.0
588,54,387,72.0
589,55,24,101.0
590,55,119,63.0
591,55,319,90.0
592,55,372,77.0
593,56,67,67.0
594,56,303,119.0
595,56,395,76.0
596,57,161,98.0
597,57,164,51.0
598,57,217,75.0
599,57,390,80.0
600,58,90,60.0
601,58,121,76.0
602,58,127,89.0
603,58,147,117.0
604,58,156,92.0
605,58,188,71.0
606,58,223,105.0
607,58,249,91.0
608,58,255,105.0
609,58,280,62.0
610,58,294,61.0
611,58,323,100.0
612,58,343,114.0
613,58,365,146.0
614,58,374,74.0
615,58,389,87.0
616,59,16,80.0
617,59,29,145.0
618,59,41,81.0
619,59,50,63.0
620,59,78,70.0
621,59,180,93.0
622,59,216,149.0
623,59,224,132.0
624,59,228,99.0
625,59,232,77.0
626,59,254,128.0
627,59,301,92.0
628,59,308,55.0
629,60,10,139.0
630,60,48,51.0
631,60,52,130.0
632,60,63,67.0
633,60,79,97.0
634,60,97,92.0
635,60,190,54.0
636,60,262,93.0
637,60,266,60.0
638,60,305,140.0
639,60,312,70.0
640,60,331,131.0
641,60,351,142.0
642,60,354,74.0
643,61,36,82.0
644,61,204,107.0
645,61,205,60.0
646,61,261,128.0
647,61,275,95.0
648,61,282,87.0
649,61,348,53.0
650,61,381,88.0
651,62,6,65.0
652,62,35,65.0
653,62,74,110.0
654,62,130,136.0
655,62,133,103.0
656,62,134,134.0
657,62,143,82.0
658,62,153,100.0
659,62,163,57.0
660,62,191,120.0
661,62,246,98.0
662,62,247,100.0
663,62,315,150.0
664,62,316,116.0
665,62,368,92.0
666,62,392,112.0
667,62,398,125.0
668,62,399,113.0
669,63,10,74.0
670,63,48,67.0
671,63,52,97.0
672,63,60,135.0
673,63,79,108.0
674,63,96,116.0
675,63,97,64.0
676,63,145,78.0
677,63,157,74.0
678,63,172,57.0
679,63,235,63.0
680,63,252,90.0
681,63,262,92.0
682,63,266,59.0
683,63,292,135.0
684,63,317,74.0
685,63,331,55.0
686,63,351,86.0
687,64,1,113.0
688,64,108,63.0
689,64,121,84.0
690,64,123,93.0
691,64,179,140.0
692,64,221,138.0
693,64,346,143.0
694,64,375,90.0
695,65,6,57.0
696,65,90,121.0
697,65,188,79.0
698,65,230,110.0
699,65,280,61.0
700,65,315,117.0
701,65,365,74.0
702,65,368,76.0
703,65,371,128.0
704,65,392,132.0
705,65,398,133.0
706,66,9,135.0
707,66,17,116.0
708,66,72,96.0
709,66,82,139.0
710,66,105,112.0
711,66,250,61.0
712,67,56,101.0
713,67,395,67.0
714,68,4,68.0
715,68,142,92.0
716,68,202,122.0
717,68,245,99.0
718,68,357,116.0
719,68,373,60.0
720,69,47,70.0
721,69,81,136.0
722,69,131,83.0
723,69,150,115.0
724,69,154,105.0
725,69,181,93.0
726,69,237,61.0
727,69,272,116.0
728,69,298,66.0
729,69,324,103.0
730,69,335,110.0
731,69,341,55.0
732,70,25,66.0
733,70,49,64.0
734,70,155,148.0
735,70,201,97.0
736,70,207,97.0
737,70,229,92.0
738,70,242,118.0
739,70,274,110.0
740,70,370,97.0
741,70,386,93.0
742,71,81,90.0
743,71,93,138.0
744,71,181,74.0
745,71,237,147.0
746,71,287,65.0
747,71,313,53.0
748,71,329,106.0
749,72,14,55.0
750,72,17,72.0
751,72,34,131.0
752,72,66,102.0
753,72,105,67.0
754,72,139,102.0
755,72,350,112.0
756,73,22,60.0
757,73,37,122.0
758,73,83,89.0
759,73,185,78.0
760,73,199,85.0
761,73,233,57.0
762,73,253,64.0
763,73,260,109.0
764,73,306,127.0
765,73,326,96.0
766,73,340,125.0
767,73,360,117.0
768,74,3,59.0
769,74,35,78.0
770,74,62,95.0
771,74,107,115.0
772,74,130,138.0
773,74,143,87.0
774,74,153,124.0
775,74,163,120.0
776,74,191,150.0
777,74,197,114.0
778,74,246,134.0
779,74,247,142.0
780,74,299,109.0
781,74,322,57.0
782,74,399,116.0
783,75,1,105.0
784,75,28,118.0
785,75,44,109.0
786,75,108,103.0
787,75,116,79.0
788,75,183,111.0
789,75,208,118.0
790,75,214,90.0
791,75,221,54.0
792,75,244,68.0
793,75,258,132.0
794,75,259,91.0
795,75,321,143.0
796,76,91,142.0
797,76,106,117.0
798,76,126,68.0
799,76,131,140.0
800,76,137,142.0
801,76,169,59.0
802,76,222,125.0
803,76,243,98.0
804,76,263,111.0
805,76,293,130.0
806,76,298,89.0
807,76,314,123.0
808,76,341,142.0
809,76,344,144.0
810,76,364,71.0
811,76,378,67.0
812,76,397,133.0
813,77,47,99.0
814,77,136,124.0
815,77,162,77.0
816,77,167,108.0
817,77,184,131.0
818,77,272,54.0
819,77,289,114.0
820,77,335,54.0
821,77,363,114.0
822,78,16,136.0
823,78,41,122.0
824,78,50,61.0
825,78,59,134.0
826,78,171,64.0
827,78,174,149.0
828,78,180,55.0
829,78,224,90.0
830,78,228,95.0
831,78,232,109.0
832,78,334,82.0
833,78,369,60.0
834,78,376,63.0
835,79,10,108.0
836,79,48,137.0
837,79,52,103.0
838,79,60,135.0
839,79,63,135.0
840,79,96,66.0
841,79,97,149.0
842,79,157,132.0
843,79,235,114.0
844,79,252,69.0
845,79,262,66.0
846,79,266,102.0
847,79,305,69.0
848,79,312,52.0
849,79,317,71.0
850,79,331,146.0
851,79,351,54.0
852,79,354,100.0
853,80,50,51.0
854,80,96,144.0
855,80,138,93.0
856,80,145,139.0
857,80,158,105.0
858,80,170,93.0
859,80,171,72.0
860,80,174,52.0
861,80,186,129.0
862,80,211,125.0
863,80,286,100.0
864,80,291,124.0
865,80,310,70.0
866,80,317,123.0
867,80,334,89.0
868,80,376,61.0
869,81,69,103.0
870,81,71,137.0
871,81,93,124.0
872,81,150,89.0
873,81,181,55.0
874,81,237,63.0
875,81,298,73.0
876,81,324,114.0
877,81,329,136.0
878,81,344,111.0
879,81,358,101.0
880,82,17,145.0
881,82,66,59.0
882,82,87,86.0
883,82,299,63.0
884,83,22,100.0
885,83,73,65.0
886,83,93,71.0
887,83,185,149.0
888,83,199,75.0
889,83,233,86.0
890,83,253,92.0
891,83,260,114.0
892,83,306,150.0
893,83,326,60.0
894,83,340,82.0
895,84,7,128.0
896,84,136,141.0
897,84,137,133.0
898,84,154,145.0
899,84,173,67.0
900,84,198,91.0
901,84,210,123.0
902,84,218,73.0
903,84,241,81.0
904,84,288,61.0
905,84,314,111.0
906,84,325,142.0
907,84,341,76.0
908,85,31,85.0
909,85,87,60.0
910,85,120,105.0
911,85,129,76.0
912,85,197,102.0
913,85,216,97.0
914,85,220,77.0
915,85,228,76.0
916,85,232,92.0
917,86,135,124.0
918,86,149,115.0
919,86,193,130.0
920,86,209,101.0
921,86,213,131.0
922,86,236,98.0
923,86,271,143.0
924,87,31,94.0
925,87,82,114.0
926,87,85,136.0
927,87,120,147.0
928,87,129,106.0
929,87,197,123.0
930,87,220,132.0
931,88,12,78.0
932,88,26,64.0
933,88,45,68.0
934,88,54,80.0
935,88,104,114.0
936,88,109,126.0
937,88,125,130.0
938,88,140,86.0
939,88,219,96.0
940,88,295,127.0
941,88,297,81.0
942,88,309,123.0
943,88,328,95.0
944,88,345,134.0
945,88,355,79.0
946,88,387,61.0
947,89,37,81.0
948,89,47,71.0
949,89,94,54.0
950,89,167,61.0
951,89,272,101.0
952,89,286,136.0
953,89,289,133.0
954,89,363,145.0
955,89,367,121.0
956,90,1,126.0
957,90,58,60.0
958,90,65,84.0
959,90,108,142.0
960,90,121,103.0
961,90,147,108.0
962,90,156,92.0
963,90,223,56.0
964,90,230,97.0
965,90,255,136.0
966,90,258,71.0
967,90,280,60.0
968,90,323,100.0
969,90,365,84.0
970,91,51,98.0
971,91,76,112.0
972,91,106,106.0
973,91,126,118.0
974,91,137,97.0
975,91,169,56.0
976,91,218,128.0
977,91,222,107.0
978,91,241,73.0
979,91,293,72.0
980,91,314,116.0
981,91,364,92.0
982,91,397,123.0
983,92,15,51.0
984,92,20,98.0
985,92,46,89.0
986,92,100,54.0
987,92,239,138.0
988,92,256,72.0
989,92,284,55.0
990,93,22,134.0
991,93,71,61.0
992,93,81,96.0
993,93,83,108.0
994,93,181,95.0
995,93,185,150.0
996,93,199,79.0
997,93,237,56.0
998,93,260,132.0
999,93,306,87.0
1000,93,313,117.0
1001,93,326,146.0
1002,93,329,82.0
1003,94,37,85.0
1004,94,47,66.0
1005,94,89,69.0
1006,94,167,108.0
1007,94,272,76.0
1008,94,286,131.0
1009,94,289,71.0
1010,94,331,71.0
1011,94,363,64.0
1012,94,367,101.0
1013,95,103,79.0
1014,95,176,75.0
1015,95,177,128.0
1016,95,195,92.0
1017,95,238,80.0
1018,95,240,91.0
1019,95,249,50.0
1020,95,294,83.0
1021,95,320,71.0
1022,95,342,84.0
1023,95,343,66.0
1024,95,352,122.0
1025,95,384,104.0
1026,95,389,150.0
1027,96,48,53.0
1028,96,52,81.0
1029,96,63,131.0
1030,96,79,131.0
1031,96,80,109.0
1032,96,103,108.0
1033,96,138,129.0
1034,96,145,100.0
1035,96,170,117.0
1036,96,171,118.0
1037,96,235,140.0
1038,96,252,66.0
1039,96,266,88.0
1040,96,292,96.0
1041,96,310,74.0
1042,96,317,132.0
1043,96,334,93.0
1044,97,10,133.0
1045,97,48,90.0
1046,97,52,148.0
1047,97,60,76.0
1048,97,63,97.0
1049,97,79,96.0
1050,97,98,56.0
1051,97,148,121.0
1052,97,157,56.0
1053,97,172,132.0
1054,97,235,81.0
1055,97,252,127.0
1056,97,262,107.0
1057,97,266,122.0
1058,97,292,74.0
1059,97,305,75.0
1060,97,312,123.0
1061,97,318,108.0
1062,97,331,86.0
1063,97,351,113.0
1064,97,354,102.0
1065,98,53,91.0
1066,98,97,58.0
1067,98,118,95.0
1068,98,148,113.0
1069,98,157,84.0
1070,98,182,139.0
1071,98,262,106.0
1072,98,267,69.0
1073,98,273,96.0
1074,98,305,122.0
1075,98,318,118.0
1076,98,351,135.0
1077,98,353,130.0
1078,99,9,90.0
1079,99,33,110.0
1080,99,152,63.0
1081,99,166,104.0
1082,99,250,148.0
1083,99,307,73.0
1084,99,308,83.0
1085,99,311,68.0
1086,99,388,142.0
1087,100,15,52.0
1088,100,20,91.0
1089,100,46,51.0
1090,100,53,76.0
1091,100,92,81.0
1092,100,118,62.0
1093,100,239,100.0
1094,100,256,136.0
1095,100,312,148.0
1096,100,396,88.0
1097,101,13,71.0
1098,101,112,145.0
1099,101,113,107.0
1100,101,142,72.0
1101,101,187,148.0
1102,101,278,77.0
1103,101,311,95.0
1104,101,383,144.0
1105,102,12,104.0
1106,102,26,123.0
1107,102,45,71.0
1108,102,132,98.0
1109,102,269,60.0
1110,102,297,69.0
1111,102,333,105.0
1112,103,95,90.0
1113,103,96,92.0
1114,103,172,94.0
1115,103,177,98.0
1116,103,195,118.0
1117,103,238,122.0
1118,103,240,55.0
1119,103,265,92.0
1120,103,292,92.0
1121,103,294,76.0
1122,103,320,74.0
1123,103,343,82.0
1124,103,352,142.0
1125,103,384,83.0
1126,104,12,140.0
1127,104,54,111.0
1128,104,88,150.0
1129,104,125,58.0
1130,104,219,104.0
1131,104,281,71.0
1132,104,295,94.0
1133,104,297,65.0
1134,104,309,146.0
1135,104,355,80.0
1136,104,356,117.0
1137,104,387,55.0
1138,105,9,58.0
1139,105,17,98.0
1140,105,33,118.0
1141,105,34,63.0
1142,105,66,88.0
1143,105,72,96.0
1144,105,250,107.0
1145,105,350,84.0
1146,106,30,128.0
1147,106,76,74.0
1148,106,91,124.0
1149,106,126,77.0
1150,106,222,67.0
1151,106,293,134.0
1152,107,3,78.0
1153,107,35,109.0
1154,107,74,136.0
1155,107,130,115.0
1156,107,153,129.0
1157,107,191,111.0
1158,107,246,90.0
1159,107,247,122.0
1160,107,299,138.0
1161,108,1,60.0
1162,108,64,77.0
1163,108,75,104.0
1164,108,90,72.0
1165,108,121,97.0
1166,108,123,112.0
1167,108,147,73.0
1168,108,156,54.0
1169,108,208,71.0
1170,108,221,120.0
1171,108,223,95.0
1172,108,255,82.0
1173,108,258,107.0
1174,108,321,117.0
1175,109,2,52.0
1176,109,12,119.0
1177,109,26,84.0
1178,109,45,77.0
1179,109,54,120.0
1180,109,88,104.0
1181,109,125,109.0
1182,109,140,79.0
1183,109,295,84.0
1184,109,297,82.0
1185,109,309,87.0
1186,109,328,139.0
1187,109,345,52.0
1188,109,355,72.0
1189,110,38,72.0
1190,110,40,95.0
1191,110,175,67.0
1192,110,178,118.0
1193,110,200,73.0
1194,110,264,92.0
1195,110,283,62.0
1196,110,302,81.0
1197,111,43,96.0
1198,111,116,91.0
1199,111,122,141.0
1200,111,135,132.0
1201,111,193,89.0
1202,111,213,95.0
1203,111,215,133.0
1204,111,244,55.0
1205,111,257,94.0
1206,111,332,115.0
1207,111,336,109.0
1208,111,337,120.0
1209,111,382,134.0
1210,112,4,129.0
1211,112,13,91.0
1212,112,101,85.0
1213,112,113,131.0
1214,112,142,74.0
1215,112,187,109.0
1216,112,278,62.0
1217,112,311,66.0
1218,112,373,150.0
1219,112,383,129.0
1220,113,4,62.0
1221,113,13,74.0
1222,113,29,84.0
1223,113,101,51.0
1224,113,112,119.0
1225,113,142,150.0
1226,113,187,113.0
1227,113,226,125.0
1228,113,254,149.0
1229,113,278,61.0
1230,113,285,79.0
1231,113,311,74.0
1232,113,373,89.0
1233,113,383,146.0
1234,114,2,135.0
1235,114,19,139.0
1236,114,21,112.0
1237,114,128,74.0
1238,114,151,137.0
1239,114,159,72.0
1240,114,345,93.0
1241,114,362,114.0
1242,114,379,57.0
1243,114,385,51.0
1244,115,36,102.0
1245,115,39,63.0
1246,115,204,108.0
1247,115,205,130.0
1248,115,217,97.0
1249,115,275,76.0
1250,115,304,112.0
1251,115,366,125.0
1252,115,390,53.0
1253,115,393,140.0
1254,115,394,120.0
1255,116,28,148.0
1256,116,44,59.0
1257,116,75,51.0
1258,116,111,101.0
1259,116,183,115.0
1260,116,236,63.0
1261,116,244,119.0
1262,116,257,111.0
1263,116,259,138.0
1264,117,8,72.0
1265,117,123,108.0
1266,117,208,112.0
1267,117,214,148.0
1268,117,221,112.0
1269,117,259,84.0
1270,117,300,72.0
1271,117,321,93.0
1272,117,339,115.0
1273,117,359,53.0
1274,118,15,75.0
1275,118,20,138.0
1276,118,32,125.0
1277,118,53,128.0
1278,118,98,92.0
1279,118,100,124.0
1280,118,182,84.0
1281,118,189,98.0
1282,118,267,73.0
1283,118,273,77.0
1284,118,305,132.0
1285,118,353,112.0
1286,118,396,88.0
1287,119,11,132.0
1288,119,24,105.0
1289,119,55,112.0
1290,119,160,131.0
1291,119,339,147.0
1292,119,372,95.0
1293,120,31,144.0
1294,120,85,79.0
1295,120,87,112.0
1296,120,216,52.0
1297,120,220,114.0
1298,120,228,133.0
1299,120,301,115.0
1300,121,1,85.0
1301,121,58,124.0
1302,121,64,80.0
1303,121,90,147.0
1304,121,108,140.0
1305,121,147,51.0
1306,121,156,112.0
1307,121,179,145.0
1308,121,223,146.0
1309,121,255,147.0
1310,121,280,141.0
1311,121,323,133.0
1312,121,374,113.0
1313,122,111,109.0
1314,122,155,84.0
1315,122,201,87.0
1316,122,207,124.0
1317,122,242,132.0
1318,122,244,143.0
1319,122,251,138.0
1320,122,257,64.0
1321,122,336,106.0
1322,122,337,69.0
1323,123,1,115.0
1324,123,64,85.0
1325,123,108,81.0
1326,123,117,118.0
1327,123,221,58.0
1328,123,248,109.0
1329,123,321,121.0
1330,123,346,148.0
1331,123,359,136.0
1332,124,38,79.0
1333,124,40,63.0
1334,124,46,122.0
1335,124,227,86.0
1336,124,261,66.0
1337,124,276,51.0
1338,124,277,61.0
1339,124,283,78.0
1340,124,330,148.0
1341,124,348,59.0
1342,124,361,101.0
1343,124,366,116.0
1344,124,381,137.0
1345,125,54,94.0
1346,125,88,147.0
1347,125,104,138.0
1348,125,109,146.0
1349,125,140,143.0
1350,125,165,147.0
1351,125,219,89.0
1352,125,281,111.0
1353,125,282,64.0
1354,125,295,107.0
1355,125,309,142.0
1356,125,328,143.0
1357,125,355,76.0
1358,125,387,134.0
1359,125,394,147.0
1360,125,400,84.0
1361,126,76,69.0
1362,126,91,127.0
1363,126,106,121.0
1364,126,131,143.0
1365,126,137,136.0
1366,126,169,127.0
1367,126,222,109.0
1368,126,293,103.0
1369,126,314,67.0
1370,126,341,105.0
1371,126,364,83.0
1372,126,397,94.0
1373,127,6,64.0
1374,127,58,88.0
1375,127,176,57.0
1376,127,188,55.0
1377,127,249,63.0
1378,127,280,93.0
1379,127,316,89.0
1380,127,322,135.0
1381,127,365,141.0
1382,127,389,125.0
1383,127,399,96.0
1384,128,2,148.0
1385,128,19,128.0
1386,128,21,139.0
1387,128,36,51.0
1388,128,114,60.0
1389,128,140,77.0
1390,128,282,64.0
1391,128,328,68.0
1392,128,345,126.0
1393,128,385,134.0
1394,129,31,52.0
1395,129,85,64.0
1396,129,87,108.0
1397,129,163,148.0
1398,129,176,89.0
1399,129,197,122.0
1400,129,316,50.0
1401,129,322,112.0
1402,129,342,87.0
1403,129,389,70.0
1404,129,399,79.0
1405,130,3,138.0
1406,130,35,119.0
1407,130,62,117.0
1408,130,74,71.0
1409,130,107,57.0
1410,130,143,81.0
1411,130,153,108.0
1412,130,163,122.0
1413,130,191,94.0
1414,130,246,94.0
1415,130,247,82.0
1416,130,299,115.0
1417,130,322,126.0
1418,131,69,146.0
1419,131,76,133.0
1420,131,126,90.0
1421,131,137,147.0
1422,131,150,147.0
1423,131,154,57.0
1424,131,243,85.0
1425,131,293,121.0
1426,131,298,123.0
1427,131,314,132.0
1428,131,324,80.0
1429,131,341,115.0
1430,131,344,87.0
1431,131,358,53.0
1432,131,364,98.0
1433,131,378,126.0
1434,131,397,125.0
1435,132,11,73.0
1436,132,12,125.0
1437,132,26,61.0
1438,132,102,82.0
1439,132,160,71.0
1440,132,269,92.0
1441,132,297,64.0
1442,132,333,87.0
1443,133,6,80.0
1444,133,35,103.0
1445,133,62,97.0
1446,133,134,56.0
1447,133,143,124.0
1448,133,153,77.0
1449,133,163,76.0
1450,133,191,111.0
1451,133,246,108.0
1452,133,247,99.0
1453,133,315,134.0
1454,133,316,52.0
1455,133,368,73.0
1456,133,371,81.0
1457,133,392,75.0
1458,133,398,109.0
1459,133,399,136.0
1460,134,6,125.0
1461,134,25,112.0
1462,134,35,91.0
1463,134,49,106.0
1464,134,62,122.0
1465,134,133,115.0
1466,134,143,117.0
1467,134,153,90.0
1468,134,163,116.0
1469,134,191,133.0
1470,134,246,124.0
1471,134,247,114.0
1472,134,315,78.0
1473,134,368,100.0
1474,134,392,81.0
1475,134,398,92.0
1476,135,43,101.0
1477,135,86,54.0
1478,135,111,104.0
1479,135,146,58.0
1480,135,149,142.0
1481,135,193,146.0
1482,135,213,93.0
1483,135,215,116.0
1484,135,332,66.0
1485,135,337,75.0
1486,135,380,118.0
1487,135,382,96.0
1488,136,7,134.0
1489,136,77,54.0
1490,136,84,147.0
1491,136,154,69.0
1492,136,162,101.0
1493,136,184,143.0
1494,136,210,113.0
1495,136,272,69.0
1496,136,335,142.0
1497,137,7,101.0
1498,137,51,132.0
1499,137,76,120.0
1500,137,84,90.0
1501,137,91,81.0
1502,137,126,70.0
1503,137,131,94.0
1504,137,169,129.0
1505,137,218,99.0
1506,137,222,124.0
1507,137,241,140.0
1508,137,293,88.0
1509,137,314,88.0
1510,137,325,87.0
1511,137,341,77.0
1512,137,397,103.0
1513,138,37,90.0
1514,138,80,71.0
1515,138,96,133.0
1516,138,145,133.0
1517,138,158,53.0
1518,138,170,129.0
1519,138,171,65.0
1520,138,174,84.0
1521,138,186,122.0
1522,138,211,145.0
1523,138,286,87.0
1524,138,291,56.0
1525,138,310,136.0
1526,138,317,122.0
1527,138,334,150.0
1528,138,360,117.0
1529,138,367,52.0
1530,138,376,80.0
1531,139,14,116.0
1532,139,18,117.0
1533,139,33,64.0
1534,139,34,85.0
1535,139,72,55.0
1536,139,166,77.0
1537,139,307,142.0
1538,139,350,130.0
1539,140,2,148.0
1540,140,26,147.0
1541,140,45,80.0
1542,140,54,65.0
1543,140,88,56.0
1544,140,109,56.0
1545,140,125,106.0
1546,140,128,131.0
1547,140,165,140.0
1548,140,282,50.0
1549,140,295,132.0
1550,140,309,123.0
1551,140,328,90.0
1552,140,345,72.0
1553,140,355,101.0
1554,140,387,110.0
1555,141,243,93.0
1556,141,263,71.0
1557,141,287,119.0
1558,141,344,92.0
1559,141,358,97.0
1560,141,364,68.0
1561,141,378,118.0
1562,142,4,95.0
1563,142,13,64.0
1564,142,68,108.0
1565,142,101,135.0
1566,142,112,80.0
1567,142,113,78.0
1568,142,187,149.0
1569,142,278,123.0
1570,142,311,105.0
1571,142,373,116.0
1572,142,383,50.0
1573,143,6,64.0
1574,143,35,94.0
1575,143,62,136.0
1576,143,74,147.0
1577,143,130,116.0
1578,143,133,56.0
1579,143,134,142.0
1580,143,153,130.0
1581,143,163,99.0
1582,143,191,96.0
1583,143,246,79.0
1584,143,247,119.0
1585,143,315,114.0
1586,143,398,144.0
1587,143,399,51.0
1588,144,192,83.0
1589,144,194,113.0
1590,144,198,113.0
1591,144,234,123.0
1592,144,270,90.0
1593,144,288,52.0
1594,145,48,58.0
1595,145,63,140.0
1596,145,80,117.0
1597,145,96,124.0
1598,145,138,131.0
1599,145,170,94.0
1600,145,171,71.0
1601,145,252,80.0
1602,145,286,145.0
1603,145,310,107.0
1604,145,317,70.0
1605,145,331,107.0
1606,145,334,70.0
1607,145,367,94.0
1608,146,42,122.0
1609,146,43,124.0
1610,146,135,76.0
1611,146,196,124.0
1612,146,203,61.0
1613,146,212,142.0
1614,146,213,118.0
1615,146,215,117.0
1616,146,332,64.0
1617,146,380,102.0
1618,146,382,60.0
1619,147,58,148.0
1620,147,90,123.0
1621,147,108,137.0
1622,147,121,107.0
1623,147,156,130.0
1624,147,179,82.0
1625,147,223,106.0
1626,147,249,118.0
1627,147,255,92.0
1628,147,280,91.0
1629,147,323,53.0
1630,147,365,125.0
1631,147,374,131.0
1632,148,5,117.0
1633,148,52,144.0
1634,148,97,139.0
1635,148,98,84.0
1636,148,157,86.0
1637,148,172,56.0
1638,148,235,56.0
1639,148,262,74.0
1640,148,265,51.0
1641,148,267,141.0
1642,148,305,97.0
1643,148,318,91.0
1644,148,351,77.0
1645,148,375,138.0
1646,149,86,66.0
1647,149,135,137.0
1648,149,193,97.0
1649,149,209,59.0
1650,149,213,136.0
1651,149,271,107.0
1652,150,69,96.0
1653,150,81,54.0
1654,150,131,70.0
1655,150,154,58.0
1656,150,237,92.0
1657,150,298,55.0
1658,150,314,118.0
1659,150,324,94.0
1660,150,335,105.0
1661,150,341,60.0
1662,150,344,86.0
1663,151,19,65.0
1664,151,21,50.0
1665,151,114,139.0
1666,151,206,88.0
1667,151,290,128.0
1668,151,338,144.0
1669,151,362,138.0
1670,151,377,143.0
1671,151,379,116.0
1672,151,385,83.0
1673,152,29,65.0
1674,152,33,82.0
1675,152,99,107.0
1676,152,250,89.0
1677,152,254,125.0
1678,152,308,60.0
1679,152,311,96.0
1680,152,383,100.0
1681,152,388,116.0
1682,153,35,128.0
1683,153,62,92.0
1684,153,74,91.0
1685,153,107,91.0
1686,153,130,95.0
1687,153,133,131.0
1688,153,134,144.0
1689,153,143,150.0
1690,153,163,145.0
1691,153,191,99.0
1692,153,246,100.0
1693,153,247,78.0
1694,154,7,138.0
1695,154,69,51.0
1696,154,84,73.0
1697,154,131,77.0
1698,154,136,131.0
1699,154,150,70.0
1700,154,210,129.0
1701,154,241,96.0
1702,154,298,94.0
1703,154,314,54.0
1704,154,335,51.0
1705,154,341,59.0
1706,155,70,103.0
1707,155,122,112.0
1708,155,201,119.0
1709,155,207,143.0
1710,155,229,130.0
1711,155,230,131.0
1712,155,242,90.0
1713,155,251,133.0
1714,155,274,123.0
1715,155,336,141.0
1716,155,368,94.0
1717,155,371,60.0
1718,155,386,127.0
1719,155,392,61.0
1720,156,58,72.0
1721,156,90,74.0
1722,156,108,114.0
1723,156,121,69.0
1724,156,147,93.0
1725,156,179,95.0
1726,156,223,112.0
1727,156,249,93.0
1728,156,255,80.0
1729,156,280,72.0
1730,156,323,106.0
1731,156,365,138.0
1732,156,374,62.0
1733,157,10,105.0
1734,157,52,133.0
1735,157,63,117.0
1736,157,79,144.0
1737,157,97,120.0
1738,157,98,150.0
1739,157,148,64.0
1740,157,172,106.0
1741,157,235,128.0
1742,157,252,73.0
1743,157,262,127.0
1744,157,265,74.0
1745,157,266,92.0
1746,157,292,68.0
1747,157,305,84.0
1748,157,318,111.0
1749,157,351,79.0
1750,157,354,146.0
1751,158,50,100.0
1752,158,80,129.0
1753,158,138,65.0
1754,158,170,147.0
1755,158,171,58.0
1756,158,174,130.0
1757,158,186,115.0
1758,158,211,112.0
1759,158,226,131.0
1760,158,286,53.0
1761,158,291,122.0
1762,158,310,115.0
1763,158,334,137.0
1764,158,360,70.0
1765,158,376,120.0
1766,159,114,78.0
1767,159,206,70.0
1768,159,300,126.0
1769,159,333,81.0
1770,159,345,57.0
1771,159,359,149.0
1772,159,379,145.0
1773,159,385,105.0
1774,160,11,80.0
1775,160,119,55.0
1776,160,132,81.0
1777,160,333,111.0
1778,161,39,120.0
1779,161,57,101.0
1780,161,231,130.0
1781,161,303,133.0
1782,161,390,68.0
1783,162,77,83.0
1784,162,136,84.0
1785,162,167,75.0
1786,162,184,56.0
1787,162,190,64.0
1788,162,284,93.0
1789,162,296,96.0
1790,162,363,141.0
1791,163,6,61.0
1792,163,35,60.0
1793,163,62,137.0
1794,163,74,62.0
1795,163,129,103.0
1796,163,130,99.0
1797,163,133,115.0
1798,163,134,80.0
1799,163,143,77.0
1800,163,153,135.0
1801,163,191,146.0
1802,163,197,76.0
1803,163,246,73.0
1804,163,247,121.0
1805,163,315,107.0
1806,163,316,147.0
1807,163,322,137.0
1808,163,398,132.0
1809,163,399,130.0
1810,164,57,108.0
1811,164,217,104.0
1812,164,361,140.0
1813,164,366,116.0
1814,164,391,72.0
1815,164,393,69.0
1816,165,39,111.0
1817,165,54,62.0
1818,165,125,126.0
1819,165,140,104.0
1820,165,219,100.0
1821,165,231,90.0
1822,165,281,77.0
1823,165,282,142.0
1824,165,304,66.0
1825,165,309,94.0
1826,165,328,67.0
1827,165,355,74.0
1828,165,356,80.0
1829,165,387,148.0
1830,165,394,109.0
1831,165,400,68.0
1832,166,14,146.0
1833,166,18,108.0
1834,166,33,54.0
1835,166,34,99.0
1836,166,99,125.0
1837,166,139,63.0
1838,166,307,72.0
1839,166,350,67.0
1840,167,47,64.0
1841,167,77,66.0
1842,167,89,114.0
1843,167,94,52.0
1844,167,162,118.0
1845,167,272,124.0
1846,167,289,129.0
1847,167,335,65.0
1848,167,363,138.0
1849,167,367,96.0
1850,168,23,97.0
1851,168,184,114.0
1852,168,198,93.0
1853,168,225,74.0
1854,168,268,143.0
1855,168,279,141.0
1856,168,288,92.0
1857,168,327,132.0
1858,168,347,73.0
1859,169,51,65.0
1860,169,76,140.0
1861,169,91,138.0
1862,169,126,144.0
1863,169,137,125.0
1864,169,218,105.0
1865,169,222,95.0
1866,169,241,125.0
1867,169,293,94.0
1868,169,314,122.0
1869,169,325,75.0
1870,169,397,94.0
1871,170,80,69.0
1872,170,96,60.0
1873,170,138,98.0
1874,170,145,148.0
1875,170,158,83.0
1876,170,171,149.0
1877,170,174,73.0
1878,170,211,79.0
1879,170,252,88.0
1880,170,286,66.0
1881,170,291,116.0
1882,170,310,70.0
1883,170,317,112.0
1884,170,334,51.0
1885,170,376,138.0
1886,171,50,113.0
1887,171,78,113.0
1888,171,80,52.0
1889,171,96,76.0
1890,171,138,78.0
1891,171,145,97.0
1892,171,158,58.0
1893,171,170,55.0
1894,171,174,92.0
1895,171,211,68.0
1896,171,310,91.0
1897,171,317,122.0
1898,171,334,93.0
1899,171,376,70.0
1900,172,5,108.0
1901,172,52,74.0
1902,172,63,110.0
1903,172,97,64.0
1904,172,103,118.0
1905,172,148,60.0
1906,172,157,102.0
1907,172,177,52.0
1908,172,235,72.0
1909,172,252,114.0
1910,172,262,150.0
1911,172,265,122.0
1912,172,266,124.0
1913,172,292,125.0
1914,172,305,122.0
1915,172,318,80.0
1916,172,351,145.0
1917,172,384,106.0
1918,173,7,91.0
1919,173,84,146.0
1920,173,194,118.0
1921,173,198,75.0
1922,173,210,123.0
1923,173,218,96.0
1924,173,225,90.0
1925,173,241,110.0
1926,173,270,142.0
1927,173,279,147.0
1928,173,288,126.0
1929,173,325,91.0
1930,174,41,87.0
1931,174,50,147.0
1932,174,78,93.0
1933,174,80,148.0
1934,174,138,145.0
1935,174,158,119.0
1936,174,170,56.0
1937,174,171,56.0
1938,174,186,122.0
1939,174,211,132.0
1940,174,291,110.0
1941,174,310,114.0
1942,174,334,75.0
1943,174,376,52.0
1944,175,27,85.0
1945,175,38,142.0
1946,175,110,59.0
1947,175,178,120.0
1948,175,200,65.0
1949,175,234,135.0
1950,175,264,142.0
1951,175,283,64.0
1952,175,302,57.0
1953,175,327,52.0
1954,175,347,83.0
1955,176,95,56.0
1956,176,127,142.0
1957,176,129,141.0
1958,176,195,138.0
1959,176,197,93.0
1960,176,249,144.0
1961,176,342,69.0
1962,176,343,113.0
1963,176,352,90.0
1964,176,369,133.0
1965,176,389,72.0
1966,177,5,144.0
1967,177,95,129.0
1968,177,103,80.0
1969,177,172,58.0
1970,177,195,146.0
1971,177,238,133.0
1972,177,240,145.0
1973,177,265,78.0
1974,177,292,115.0
1975,177,294,81.0
1976,177,320,131.0
1977,177,343,127.0
1978,177,349,51.0
1979,177,352,132.0
1980,177,384,84.0
1981,178,27,66.0
1982,178,38,101.0
1983,178,40,114.0
1984,178,110,98.0
1985,178,175,130.0
1986,178,200,94.0
1987,178,264,69.0
1988,178,276,120.0
1989,178,277,126.0
1990,178,283,57.0
1991,178,327,142.0
1992,178,347,53.0
1993,179,5,78.0
1994,179,64,117.0
1995,179,121,147.0
1996,179,147,51.0
1997,179,156,50.0
1998,179,223,130.0
1999,179,238,119.0
2000,179,255,70.0
2001,179,323,116.0
2002,179,346,122.0
2003,179,349,118.0
2004,179,374,129.0
2005,179,375,66.0
2006,180,16,85.0
2007,180,29,62.0
2008,180,41,120.0
2009,180,50,57.0
2010,180,59,100.0
2011,180,78,96.0
2012,180,216,54.0
2013,180,228,71.0
2014,180,232,142.0
2015,180,254,116.0
2016,180,285,109.0
2017,180,301,87.0
2018,180,308,113.0
2019,181,69,71.0
2020,181,71,54.0
2021,181,81,124.0
2022,181,93,135.0
2023,181,237,116.0
2024,181,313,142.0
2025,181,324,107.0
2026,181,326,108.0
2027,181,329,101.0
2028,182,20,120.0
2029,182,32,118.0
2030,182,53,57.0
2031,182,98,144.0
2032,182,118,61.0
2033,182,189,84.0
2034,182,267,56.0
2035,182,273,77.0
2036,182,290,62.0
2037,182,353,118.0
2038,182,396,104.0
2039,183,1,84.0
2040,183,28,64.0
2041,183,44,138.0
2042,183,75,120.0
2043,183,116,91.0
2044,183,208,63.0
2045,183,244,75.0
2046,183,258,73.0
2047,183,259,129.0
2048,183,321,125.0
2049,183,336,71.0
2050,184,77,150.0
2051,184,136,116.0
2052,184,162,117.0
2053,184,168,126.0
2054,184,190,91.0
2055,184,284,67.0
2056,184,296,139.0
2057,185,22,109.0
2058,185,73,52.0
2059,185,83,50.0
2060,185,93,52.0
2061,185,199,124.0
2062,185,233,60.0
2063,185,260,82.0
2064,185,306,114.0
2065,185,313,124.0
2066,185,326,115.0
2067,185,329,111.0
2068,185,340,77.0
2069,186,16,121.0
2070,186,29,97.0
2071,186,41,117.0
2072,186,50,147.0
2073,186,80,91.0
2074,186,138,131.0
2075,186,158,105.0
2076,186,174,131.0
2077,186,202,90.0
2078,186,211,88.0
2079,186,226,74.0
2080,186,285,150.0
2081,186,291,83.0
2082,186,334,96.0
2083,186,376,79.0
2084,187,13,123.0
2085,187,101,145.0
2086,187,112,77.0
2087,187,113,70.0
2088,187,142,127.0
2089,187,278,103.0
2090,187,311,120.0
2091,187,383,121.0
2092,188,6,116.0
2093,188,58,55.0
2094,188,65,72.0
2095,188,127,120.0
2096,188,249,53.0
2097,188,280,76.0
2098,188,315,131.0
2099,188,316,78.0
2100,188,322,140.0
2101,188,365,129.0
2102,188,389,150.0
2103,188,398,59.0
2104,188,399,77.0
2105,189,15,111.0
2106,189,20,55.0
2107,189,32,82.0
2108,189,118,76.0
2109,189,182,70.0
2110,189,396,76.0
2111,190,60,51.0
2112,190,162,85.0
2113,190,184,104.0
2114,190,284,78.0
2115,190,296,76.0
2116,190,312,140.0
2117,190,354,126.0
2118,191,3,53.0
2119,191,35,87.0
2120,191,62,139.0
2121,191,74,97.0
2122,191,107,131.0
2123,191,130,75.0
2124,191,133,122.0
2125,191,134,107.0
2126,191,143,65.0
2127,191,153,115.0
2128,191,163,59.0
2129,191,246,100.0
2130,191,247,103.0
2131,191,299,96.0
2132,192,51,132.0
2133,192,144,145.0
2134,192,194,55.0
2135,192,198,145.0
2136,192,234,69.0
2137,192,270,93.0
2138,192,288,82.0
2139,192,325,110.0
2140,193,43,134.0
2141,193,86,106.0
2142,193,111,78.0
2143,193,135,79.0
2144,193,149,105.0
2145,193,209,70.0
2146,193,213,78.0
2147,193,271,90.0
2148,193,332,82.0
2149,194,144,79.0
2150,194,173,97.0
2151,194,192,105.0
2152,194,198,50.0
2153,194,234,114.0
2154,194,270,145.0
2155,194,279,117.0
2156,194,288,90.0
2157,194,302,134.0
2158,194,325,87.0
2159,195,95,87.0
2160,195,103,117.0
2161,195,176,130.0
2162,195,177,111.0
2163,195,224,50.0
2164,195,240,85.0
2165,195,294,54.0
2166,195,320,116.0
2167,195,342,145.0
2168,195,343,129.0
2169,195,352,122.0
2170,195,369,138.0
2171,195,384,124.0
2172,196,42,66.0
2173,196,146,70.0
2174,196,203,147.0
2175,196,212,139.0
2176,196,215,123.0
2177,196,332,65.0
2178,196,380,53.0
2179,196,382,121.0
2180,197,31,100.0
2181,197,74,101.0
2182,197,85,83.0
2183,197,87,85.0
2184,197,129,54.0
2185,197,163,110.0
2186,197,176,71.0
2187,197,322,138.0
2188,197,399,126.0
2189,198,84,145.0
2190,198,144,94.0
2191,198,168,135.0
2192,198,173,122.0
2193,198,192,106.0
2194,198,194,125.0
2195,198,218,134.0
2196,198,225,95.0
2197,198,234,76.0
2198,198,270,112.0
2199,198,279,60.0
2200,198,288,115.0
2201,198,325,74.0
2202,199,22,108.0
2203,199,73,139.0
2204,199,83,106.0
2205,199,93,139.0
2206,199,185,120.0
2207,199,233,93.0
2208,199,253,135.0
2209,199,260,74.0
2210,199,306,91.0
2211,199,326,99.0
2212,199,340,99.0
2213,199,360,122.0
2214,200,40,148.0
2215,200,110,58.0
2216,200,175,94.0
2217,200,178,124.0
2218,201,70,88.0
2219,201,122,101.0
2220,201,155,102.0
2221,201,207,55.0
2222,201,229,115.0
2223,201,242,110.0
2224,201,251,71.0
2225,201,274,61.0
2226,201,336,99.0
2227,201,337,63.0
2228,201,386,52.0
2229,202,4,74.0
2230,202,68,51.0
2231,202,186,63.0
2232,202,211,142.0
2233,202,233,142.0
2234,202,245,98.0
2235,202,253,104.0
2236,202,291,129.0
2237,202,340,111.0
2238,202,357,94.0
2239,202,360,147.0
2240,202,373,97.0
2241,203,42,128.0
2242,203,146,75.0
2243,203,196,99.0
2244,203,212,140.0
2245,203,380,148.0
2246,203,382,114.0
2247,204,36,62.0
2248,204,39,130.0
2249,204,61,111.0
2250,204,115,136.0
2251,204,205,144.0
2252,204,217,117.0
2253,204,275,126.0
2254,204,282,103.0
2255,204,304,138.0
2256,204,393,71.0
2257,204,394,96.0
2258,204,400,137.0
2259,205,36,109.0
2260,205,39,114.0
2261,205,61,123.0
2262,205,115,119.0
2263,205,204,119.0
2264,205,217,88.0
2265,205,275,75.0
2266,205,282,114.0
2267,205,304,147.0
2268,205,348,127.0
2269,205,381,74.0
2270,205,393,124.0
2271,205,394,51.0
2272,206,151,68.0
2273,206,159,90.0
2274,206,248,96.0
2275,206,300,51.0
2276,206,359,115.0
2277,206,362,81.0
2278,206,379,95.0
2279,206,385,79.0
2280,207,70,65.0
2281,207,122,56.0
2282,207,155,89.0
2283,207,201,98.0
2284,207,215,141.0
2285,207,229,146.0
2286,207,242,91.0
2287,207,251,66.0
2288,207,274,65.0
2289,207,337,85.0
2290,207,386,84.0
2291,208,1,149.0
2292,208,8,74.0
2293,208,44,98.0
2294,208,75,149.0
2295,208,108,52.0
2296,208,117,65.0
2297,208,183,72.0
2298,208,214,144.0
2299,208,221,93.0
2300,208,258,103.0
2301,208,259,86.0
2302,208,321,110.0
2303,209,86,102.0
2304,209,149,90.0
2305,209,193,112.0
2306,209,236,63.0
2307,209,257,147.0
2308,209,271,100.0
2309,210,7,111.0
2310,210,84,74.0
2311,210,136,123.0
2312,210,154,91.0
2313,210,173,147.0
2314,210,225,54.0
2315,210,241,72.0
2316,210,288,105.0
2317,210,335,109.0
2318,210,341,110.0
2319,211,41,122.0
2320,211,50,61.0
2321,211,80,58.0
2322,211,138,109.0
2323,211,158,117.0
2324,211,170,133.0
2325,211,171,123.0
2326,211,174,115.0
2327,211,186,53.0
2328,211,202,66.0
2329,211,226,129.0
2330,211,253,133.0
2331,211,291,92.0
2332,211,334,65.0
2333,211,360,89.0
2334,211,376,109.0
2335,212,42,145.0
2336,212,146,91.0
2337,212,196,77.0
2338,212,203,58.0
2339,212,380,99.0
2340,213,43,130.0
2341,213,86,100.0
2342,213,111,98.0
2343,213,135,145.0
2344,213,146,137.0
2345,213,149,114.0
2346,213,193,84.0
2347,213,215,140.0
2348,213,257,98.0
2349,213,271,112.0
2350,213,332,127.0
2351,213,337,146.0
2352,213,380,84.0
2353,213,382,93.0
2354,214,8,85.0
2355,214,28,83.0
2356,214,44,71.0
2357,214,75,122.0
2358,214,117,70.0
2359,214,208,52.0
2360,214,259,86.0
2361,214,321,71.0
2362,214,339,104.0
2363,214,372,80.0
2364,215,43,100.0
2365,215,111,83.0
2366,215,135,86.0
2367,215,146,53.0
2368,215,196,90.0
2369,215,207,118.0
2370,215,213,116.0
2371,215,251,122.0
2372,215,332,98.0
2373,215,337,144.0
2374,215,380,66.0
2375,215,382,135.0
2376,216,31,137.0
2377,216,59,104.0
2378,216,85,143.0
2379,216,120,136.0
2380,216,180,100.0
2381,216,220,97.0
2382,216,224,69.0
2383,216,228,71.0
2384,216,232,135.0
2385,216,301,86.0
2386,216,308,112.0
2387,217,39,123.0
2388,217,57,62.0
2389,217,115,66.0
2390,217,164,66.0
2391,217,204,93.0
2392,217,205,83.0
2393,217,275,138.0
2394,217,304,91.0
2395,217,366,73.0
2396,217,390,104.0
2397,217,393,147.0
2398,217,394,129.0
2399,218,7,149.0
2400,218,51,78.0
2401,218,84,52.0
2402,218,91,81.0
2403,218,137,60.0
2404,218,169,149.0
2405,218,173,97.0
2406,218,198,90.0
2407,218,241,139.0
2408,218,288,110.0
2409,218,314,56.0
2410,218,325,54.0
2411,219,54,92.0
2412,219,88,51.0
2413,219,104,76.0
2414,219,125,149.0
2415,219,165,83.0
2416,219,281,137.0
2417,219,295,130.0
2418,219,309,60.0
2419,219,355,129.0
2420,219,356,52.0
2421,219,387,60.0
2422,219,400,73.0
2423,220,31,127.0
2424,220,85,65.0
2425,220,87,91.0
2426,220,120,113.0
2427,220,216,145.0
2428,220,228,74.0
2429,220,232,57.0
2430,220,301,111.0
2431,220,369,76.0
2432,221,1,62.0
2433,221,64,123.0
2434,221,75,62.0
2435,221,108,89.0
2436,221,117,128.0
2437,221,123,124.0
2438,221,208,81.0
2439,221,321,77.0
2440,222,30,75.0
2441,222,76,89.0
2442,222,91,101.0
2443,222,106,145.0
2444,222,126,113.0
2445,222,137,138.0
2446,222,169,136.0
2447,222,293,64.0
2448,222,397,143.0
2449,223,1,139.0
2450,223,58,64.0
2451,223,90,91.0
2452,223,108,112.0
2453,223,121,124.0
2454,223,147,78.0
2455,223,156,73.0
2456,223,179,105.0
2457,223,255,54.0
2458,223,280,54.0
2459,223,323,68.0
2460,223,365,72.0
2461,223,374,61.0
2462,224,31,61.0
2463,224,59,53.0
2464,224,78,126.0
2465,224,195,83.0
2466,224,216,101.0
2467,224,228,97.0
2468,224,232,73.0
2469,224,301,68.0
2470,224,342,70.0
2471,224,352,79.0
2472,224,369,103.0
2473,225,23,76.0
2474,225,168,143.0
2475,225,173,100.0
2476,225,198,117.0
2477,225,210,72.0
2478,225,264,134.0
2479,225,268,116.0
2480,225,270,66.0
2481,225,279,95.0
2482,225,288,123.0
2483,225,327,126.0
2484,225,347,77.0
2485,226,4,85.0
2486,226,16,135.0
2487,226,29,149.0
2488,226,41,142.0
2489,226,50,70.0
2490,226,113,139.0
2491,226,158,94.0
2492,226,186,80.0
2493,226,211,99.0
2494,226,254,95.0
2495,226,285,130.0
2496,227,20,75.0
2497,227,46,97.0
2498,227,124,86.0
2499,227,239,102.0
2500,227,261,64.0
2501,227,276,119.0
2502,227,277,77.0
2503,227,330,51.0
2504,227,348,83.0
2505,227,381,89.0
2506,228,16,80.0
2507,228,31,108.0
2508,228,41,123.0
2509,228,59,108.0
2510,228,78,56.0
2511,228,85,129.0
2512,228,120,65.0
2513,228,180,147.0
2514,228,216,110.0
2515,228,220,150.0
2516,228,224,108.0
2517,228,232,129.0
2518,228,301,146.0
2519,228,308,54.0
2520,228,369,127.0
2521,229,70,64.0
2522,229,155,88.0
2523,229,201,126.0
2524,229,207,84.0
2525,229,242,135.0
2526,229,251,126.0
2527,229,274,119.0
2528,229,370,54.0
2529,229,386,83.0
2530,230,6,115.0
2531,230,65,86.0
2532,230,90,89.0
2533,230,155,69.0
2534,230,242,84.0
2535,230,280,69.0
2536,230,315,58.0
2537,230,365,91.0
2538,230,368,140.0
2539,230,371,90.0
2540,230,392,122.0
2541,230,398,94.0
2542,231,39,140.0
2543,231,161,60.0
2544,231,165,127.0
2545,231,281,114.0
2546,231,303,54.0
2547,231,390,94.0
2548,231,394,150.0
2549,231,400,114.0
2550,232,31,75.0
2551,232,59,90.0
2552,232,78,136.0
2553,232,85,83.0
2554,232,180,97.0
2555,232,216,141.0
2556,232,220,128.0
2557,232,224,98.0
2558,232,228,66.0
2559,232,301,103.0
2560,232,342,83.0
2561,232,352,148.0
2562,232,369,109.0
2563,233,22,107.0
2564,233,73,79.0
2565,233,83,71.0
2566,233,185,114.0
2567,233,199,53.0
2568,233,202,118.0
2569,233,253,89.0
2570,233,260,127.0
2571,233,306,105.0
2572,233,340,70.0
2573,233,357,104.0
2574,234,144,75.0
2575,234,175,145.0
2576,234,192,56.0
2577,234,194,62.0
2578,234,198,85.0
2579,234,264,80.0
2580,234,270,90.0
2581,234,279,95.0
2582,234,302,92.0
2583,234,327,150.0
2584,234,347,82.0
2585,235,10,142.0
2586,235,48,67.0
2587,235,52,83.0
2588,235,63,119.0
2589,235,79,107.0
2590,235,96,102.0
2591,235,97,60.0
2592,235,148,150.0
2593,235,157,107.0
2594,235,172,70.0
2595,235,252,97.0
2596,235,262,65.0
2597,235,266,118.0
2598,235,292,125.0
2599,235,305,61.0
2600,235,318,54.0
2601,235,351,93.0
2602,236,28,138.0
2603,236,44,144.0
2604,236,86,144.0
2605,236,116,74.0
2606,236,209,146.0
2607,236,244,142.0
2608,236,257,59.0
2609,236,271,51.0
2610,237,69,57.0
2611,237,71,104.0
2612,237,81,91.0
2613,237,93,52.0
2614,237,150,106.0
2615,237,181,123.0
2616,237,324,118.0
2617,237,326,120.0
2618,237,329,95.0
2619,238,5,71.0
2620,238,95,107.0
2621,238,103,146.0
2622,238,177,110.0
2623,238,179,75.0
2624,238,240,133.0
2625,238,249,110.0
2626,238,265,50.0
2627,238,294,90.0
2628,238,320,97.0
2629,238,323,73.0
2630,238,343,56.0
2631,238,349,113.0
2632,238,374,50.0
2633,238,384,112.0
2634,239,15,95.0
2635,239,20,85.0
2636,239,46,60.0
2637,239,53,118.0
2638,239,92,123.0
2639,239,100,60.0
2640,239,227,96.0
2641,239,256,79.0
2642,239,396,123.0
2643,240,95,122.0
2644,240,103,122.0
2645,240,177,102.0
2646,240,195,122.0
2647,240,238,141.0
2648,240,292,106.0
2649,240,294,64.0
2650,240,320,89.0
2651,240,343,97.0
2652,240,352,113.0
2653,240,384,148.0
2654,241,7,55.0
2655,241,84,130.0
2656,241,91,144.0
2657,241,137,60.0
2658,241,154,97.0
2659,241,169,55.0
2660,241,173,94.0
2661,241,210,78.0
2662,241,218,86.0
2663,241,288,92.0
2664,241,314,81.0
2665,241,325,133.0
2666,241,341,87.0
2667,242,70,117.0
2668,242,122,131.0
2669,242,155,108.0
2670,242,201,135.0
2671,242,207,105.0
2672,242,229,119.0
2673,242,230,75.0
2674,242,251,74.0
2675,242,336,85.0
2676,242,368,63.0
2677,242,371,126.0
2678,242,386,112.0
2679,242,392,139.0
2680,243,76,137.0
2681,243,131,78.0
2682,243,141,149.0
2683,243,263,148.0
2684,243,287,142.0
2685,243,293,87.0
2686,243,298,134.0
2687,243,344,142.0
2688,243,358,79.0
2689,243,364,88.0
2690,243,378,102.0
2691,243,397,82.0
2692,244,28,101.0
2693,244,44,121.0
2694,244,75,56.0
2695,244,111,139.0
2696,244,116,76.0
2697,244,122,114.0
2698,244,183,109.0
2699,244,236,118.0
2700,244,257,52.0
2701,244,336,52.0
2702,244,337,101.0
2703,245,4,81.0
2704,245,68,68.0
2705,245,202,91.0
2706,245,357,144.0
2707,245,373,143.0
2708,246,3,144.0
2709,246,35,105.0
2710,246,62,139.0
2711,246,74,85.0
2712,246,107,127.0
2713,246,130,71.0
2714,246,133,129.0
2715,246,134,97.0
2716,246,143,82.0
2717,246,153,121.0
2718,246,163,60.0
2719,246,191,73.0
2720,246,247,139.0
2721,246,398,125.0
2722,246,399,131.0
2723,247,3,100.0
2724,247,35,146.0
2725,247,62,106.0
2726,247,74,134.0
2727,247,107,127.0
2728,247,130,69.0
2729,247,133,66.0
2730,247,134,62.0
2731,247,143,105.0
2732,247,153,149.0
2733,247,163,145.0
2734,247,191,129.0
2735,247,246,101.0
2736,247,315,115.0
2737,247,316,106.0
2738,247,398,94.0
2739,247,399,121.0
2740,248,123,101.0
2741,248,206,101.0
2742,248,300,136.0
2743,248,338,117.0
2744,248,346,58.0
2745,248,359,149.0
2746,249,58,144.0
2747,249,95,130.0
2748,249,127,100.0
2749,249,147,90.0
2750,249,156,98.0
2751,249,176,82.0
2752,249,188,82.0
2753,249,238,118.0
2754,249,294,112.0
2755,249,323,122.0
2756,249,343,134.0
2757,249,349,150.0
2758,249,365,146.0
2759,249,374,105.0
2760,249,384,64.0
2761,249,389,52.0
2762,250,9,122.0
2763,250,17,114.0
2764,250,33,114.0
2765,250,34,145.0
2766,250,66,99.0
2767,250,99,124.0
2768,250,105,72.0
2769,250,152,86.0
2770,250,308,141.0
2771,250,388,129.0
2772,251,43,130.0
2773,251,122,123.0
2774,251,155,127.0
2775,251,201,137.0
2776,251,207,86.0
2777,251,215,60.0
2778,251,229,59.0
2779,251,242,148.0
2780,251,274,115.0
2781,251,332,51.0
2782,251,336,87.0
2783,251,337,107.0
2784,251,382,51.0
2785,251,386,113.0
2786,252,10,59.0
2787,252,48,148.0
2788,252,52,109.0
2789,252,63,72.0
2790,252,79,107.0
2791,252,96,124.0
2792,252,97,139.0
2793,252,145,73.0
2794,252,157,63.0
2795,252,170,66.0
2796,252,172,111.0
2797,252,235,133.0
2798,252,266,142.0
2799,252,292,126.0
2800,252,310,133.0
2801,252,317,91.0
2802,252,331,81.0
2803,253,37,139.0
2804,253,73,148.0
2805,253,83,132.0
2806,253,199,128.0
2807,253,202,122.0
2808,253,211,72.0
2809,253,233,120.0
2810,253,260,108.0
2811,253,291,85.0
2812,253,340,64.0
2813,253,360,56.0
2814,254,16,121.0
2815,254,29,58.0
2816,254,41,84.0
2817,254,50,109.0
2818,254,59,64.0
2819,254,113,80.0
2820,254,152,96.0
2821,254,180,71.0
2822,254,226,105.0
2823,254,285,92.0
2824,254,301,98.0
2825,254,308,142.0
2826,255,58,72.0
2827,255,90,93.0
2828,255,108,75.0
2829,255,121,117.0
2830,255,147,135.0
2831,255,156,55.0
2832,255,179,95.0
2833,255,223,117.0
2834,255,280,65.0
2835,255,323,102.0
2836,255,365,54.0
2837,255,374,73.0
2838,256,15,66.0
2839,256,20,85.0
2840,256,46,60.0
2841,256,53,103.0
2842,256,92,77.0
2843,256,100,69.0
2844,256,239,56.0
2845,256,396,109.0
2846,257,28,131.0
2847,257,43,104.0
2848,257,44,66.0
2849,257,111,139.0
2850,257,116,144.0
2851,257,122,55.0
2852,257,209,90.0
2853,257,213,89.0
2854,257,236,149.0
2855,257,244,121.0
2856,257,271,144.0
2857,257,336,60.0
2858,257,337,146.0
2859,258,1,134.0
2860,258,44,131.0
2861,258,75,105.0
2862,258,90,56.0
2863,258,108,82.0
2864,258,183,149.0
2865,258,208,135.0
2866,259,8,59.0
2867,259,28,61.0
2868,259,44,59.0
2869,259,75,133.0
2870,259,116,78.0
2871,259,117,119.0
2872,259,183,70.0
2873,259,208,104.0
2874,259,214,85.0
2875,259,321,84.0
2876,259,339,87.0
2877,260,22,131.0
2878,260,73,117.0
2879,260,83,133.0
2880,260,93,93.0
2881,260,185,129.0
2882,260,199,148.0
2883,260,233,131.0
2884,260,253,64.0
2885,260,306,71.0
2886,260,326,96.0
2887,260,340,80.0
2888,261,38,126.0
2889,261,46,97.0
2890,261,61,114.0
2891,261,124,103.0
2892,261,227,60.0
2893,261,275,79.0
2894,261,276,119.0
2895,261,277,80.0
2896,261,330,53.0
2897,261,348,123.0
2898,261,361,139.0
2899,261,366,56.0
2900,261,381,114.0
2901,262,10,146.0
2902,262,48,70.0
2903,262,52,66.0
2904,262,53,110.0
2905,262,60,75.0
2906,262,63,67.0
2907,262,79,141.0
2908,262,97,82.0
2909,262,98,88.0
2910,262,148,101.0
2911,262,157,67.0
2912,262,172,108.0
2913,262,235,122.0
2914,262,266,101.0
2915,262,305,137.0
2916,262,312,95.0
2917,262,318,105.0
2918,262,351,141.0
2919,262,354,100.0
2920,263,30,129.0
2921,263,76,80.0
2922,263,141,115.0
2923,263,243,147.0
2924,263,293,144.0
2925,263,344,127.0
2926,263,358,88.0
2927,263,364,148.0
2928,263,378,118.0
2929,263,397,149.0
2930,264,23,90.0
2931,264,110,119.0
2932,264,175,91.0
2933,264,178,121.0
2934,264,225,75.0
2935,264,234,59.0
2936,264,270,51.0
2937,264,279,131.0
2938,264,302,102.0
2939,264,327,129.0
2940,264,347,87.0
2941,265,5,61.0
2942,265,103,120.0
2943,265,148,84.0
2944,265,157,60.0
2945,265,172,135.0
2946,265,177,112.0
2947,265,238,96.0
2948,265,292,111.0
2949,265,294,100.0
2950,265,318,74.0
2951,265,320,104.0
2952,265,343,89.0
2953,265,349,93.0
2954,265,384,91.0
2955,266,10,71.0
2956,266,48,143.0
2957,266,52,131.0
2958,266,60,59.0
2959,266,63,82.0
2960,266,79,125.0
2961,266,96,57.0
2962,266,97,65.0
2963,266,157,131.0
2964,266,172,127.0
2965,266,235,104.0
2966,266,252,111.0
2967,266,262,104.0
2968,266,292,67.0
2969,266,305,101.0
2970,266,317,68.0
2971,266,318,141.0
2972,266,331,68.0
2973,266,351,113.0
2974,266,354,141.0
2975,267,53,134.0
2976,267,98,137.0
2977,267,118,51.0
2978,267,148,113.0
2979,267,182,131.0
2980,267,273,53.0
2981,267,305,143.0
2982,267,353,66.0
2983,268,23,102.0
2984,268,27,149.0
2985,268,168,93.0
2986,268,225,147.0
2987,268,279,90.0
2988,268,283,56.0
2989,268,284,145.0
2990,268,327,135.0
2991,268,347,66.0
2992,269,11,63.0
2993,269,12,107.0
2994,269,26,116.0
2995,269,102,117.0
2996,269,132,107.0
2997,269,297,80.0
2998,269,333,112.0
2999,270,144,62.0
3000,270,173,118.0
3001,270,192,138.0
3002,270,194,72.0
3003,270,198,64.0
3004,270,225,103.0
3005,270,234,96.0
3006,270,264,109.0
3007,270,279,136.0
3008,270,288,53.0
3009,270,302,57.0
3010,270,327,145.0
3011,271,86,107.0
3012,271,149,134.0
3013,271,193,85.0
3014,271,209,98.0
3015,271,213,63.0
3016,271,236,115.0
3017,271,257,108.0
3018,272,47,83.0
3019,272,69,70.0
3020,272,77,52.0
3021,272,89,142.0
3022,272,94,140.0
3023,272,136,107.0
3024,272,167,76.0
3025,272,289,73.0
3026,272,335,128.0
3027,272,363,106.0
3028,273,32,137.0
3029,273,98,110.0
3030,273,118,105.0
3031,273,182,100.0
3032,273,267,124.0
3033,273,290,111.0
3034,273,338,137.0
3035,273,353,73.0
3036,273,377,103.0
3037,273,396,103.0
3038,274,70,60.0
3039,274,155,72.0
3040,274,201,139.0
3041,274,207,93.0
3042,274,229,138.0
3043,274,251,70.0
3044,274,382,145.0
3045,274,386,97.0
3046,275,36,146.0
3047,275,61,82.0
3048,275,115,117.0
3049,275,204,136.0
3050,275,205,97.0
3051,275,217,84.0
3052,275,261,53.0
3053,275,304,101.0
3054,275,330,99.0
3055,275,348,96.0
3056,275,361,74.0
3057,275,366,125.0
3058,275,381,123.0
3059,275,393,103.0
3060,276,27,87.0
3061,276,38,109.0
3062,276,40,122.0
3063,276,46,147.0
3064,276,124,76.0
3065,276,178,80.0
3066,276,227,146.0
3067,276,261,64.0
3068,276,277,148.0
3069,276,283,142.0
3070,276,330,94.0
3071,276,361,71.0
3072,277,27,134.0
3073,277,38,128.0
3074,277,40,64.0
3075,277,46,108.0
3076,277,124,133.0
3077,277,178,122.0
3078,277,227,112.0
3079,277,261,102.0
3080,277,276,125.0
3081,277,283,66.0
3082,277,330,135.0
3083,277,348,124.0
3084,277,361,69.0
3085,278,13,86.0
3086,278,101,111.0
3087,278,112,146.0
3088,278,113,105.0
3089,278,142,97.0
3090,278,187,53.0
3091,278,311,91.0
3092,278,383,74.0
3093,279,23,139.0
3094,279,168,75.0
3095,279,173,138.0
3096,279,194,121.0
3097,279,198,144.0
3098,279,225,117.0
3099,279,234,132.0
3100,279,264,82.0
3101,279,268,106.0
3102,279,270,84.0
3103,279,288,84.0
3104,279,302,127.0
3105,279,327,95.0
3106,279,347,87.0
3107,280,6,133.0
3108,280,58,86.0
3109,280,65,124.0
3110,280,90,132.0
3111,280,121,141.0
3112,280,127,56.0
3113,280,147,74.0
3114,280,156,66.0
3115,280,188,129.0
3116,280,223,122.0
3117,280,230,61.0
3118,280,255,69.0
3119,280,365,137.0
3120,280,371,137.0
3121,281,54,87.0
3122,281,104,63.0
3123,281,125,135.0
3124,281,165,146.0
3125,281,219,112.0
3126,281,231,52.0
3127,281,295,147.0
3128,281,356,136.0
3129,281,387,123.0
3130,281,400,137.0
3131,282,36,65.0
3132,282,61,102.0
3133,282,125,130.0
3134,282,128,148.0
3135,282,140,128.0
3136,282,165,106.0
3137,282,204,98.0
3138,282,205,71.0
3139,282,304,115.0
3140,282,328,92.0
3141,282,355,69.0
3142,282,394,103.0
3143,282,400,58.0
3144,283,23,137.0
3145,283,27,104.0
3146,283,38,124.0
3147,283,110,82.0
3148,283,124,58.0
3149,283,175,101.0
3150,283,178,97.0
3151,283,268,125.0
3152,283,276,69.0
3153,283,277,132.0
3154,283,327,100.0
3155,283,347,64.0
3156,284,92,141.0
3157,284,162,86.0
3158,284,184,142.0
3159,284,190,128.0
3160,284,268,100.0
3161,284,296,83.0
3162,285,4,139.0
3163,285,16,78.0
3164,285,29,121.0
3165,285,41,82.0
3166,285,50,72.0
3167,285,113,129.0
3168,285,180,57.0
3169,285,186,63.0
3170,285,226,88.0
3171,285,254,60.0
3172,285,383,58.0
3173,286,37,101.0
3174,286,48,94.0
3175,286,80,95.0
3176,286,89,62.0
3177,286,94,141.0
3178,286,138,140.0
3179,286,145,64.0
3180,286,158,57.0
3181,286,170,135.0
3182,286,289,114.0
3183,286,291,111.0
3184,286,317,134.0
3185,286,331,147.0
3186,286,367,53.0
3187,287,71,135.0
3188,287,141,79.0
3189,287,243,85.0
3190,287,358,146.0
3191,287,378,129.0
3192,288,7,114.0
3193,288,84,114.0
3194,288,144,99.0
3195,288,168,90.0
3196,288,173,100.0
3197,288,192,65.0
3198,288,194,100.0
3199,288,198,107.0
3200,288,210,100.0
3201,288,218,118.0
3202,288,225,61.0
3203,288,241,118.0
3204,288,270,96.0
3205,288,279,149.0
3206,288,325,103.0
3207,289,37,56.0
3208,289,47,82.0
3209,289,77,99.0
3210,289,89,55.0
3211,289,94,123.0
3212,289,167,77.0
3213,289,272,85.0
3214,289,286,128.0
3215,289,331,74.0
3216,289,363,99.0
3217,289,367,112.0
3218,290,19,72.0
3219,290,32,98.0
3220,290,151,130.0
3221,290,182,112.0
3222,290,273,88.0
3223,290,338,125.0
3224,290,353,91.0
3225,290,362,102.0
3226,290,377,125.0
3227,291,37,81.0
3228,291,80,55.0
3229,291,138,95.0
3230,291,158,143.0
3231,291,170,115.0
3232,291,174,123.0
3233,291,186,103.0
3234,291,202,80.0
3235,291,211,101.0
3236,291,253,144.0
3237,291,286,71.0
3238,291,334,129.0
3239,291,360,121.0
3240,292,48,148.0
3241,292,52,139.0
3242,292,63,132.0
3243,292,96,94.0
3244,292,97,97.0
3245,292,103,118.0
3246,292,157,52.0
3247,292,172,115.0
3248,292,177,86.0
3249,292,235,98.0
3250,292,240,87.0
3251,292,252,75.0
3252,292,265,139.0
3253,292,266,131.0
3254,292,310,91.0
3255,292,318,66.0
3256,292,320,136.0
3257,292,384,93.0
3258,293,76,89.0
3259,293,91,59.0
3260,293,106,132.0
3261,293,126,127.0
3262,293,131,95.0
3263,293,137,95.0
3264,293,169,133.0
3265,293,222,137.0
3266,293,243,117.0
3267,293,263,56.0
3268,293,298,141.0
3269,293,314,63.0
3270,293,341,142.0
3271,293,344,136.0
3272,293,364,119.0
3273,293,397,91.0
3274,294,5,86.0
3275,294,58,126.0
3276,294,95,104.0
3277,294,103,54.0
3278,294,177,129.0
3279,294,195,65.0
3280,294,238,145.0
3281,294,240,72.0
3282,294,249,61.0
3283,294,265,81.0
3284,294,320,89.0
3285,294,323,121.0
3286,294,343,137.0
3287,294,349,117.0
3288,294,352,121.0
3289,294,374,57.0
3290,294,384,75.0
3291,294,389,74.0
3292,295,12,89.0
3293,295,54,105.0
3294,295,88,91.0
3295,295,104,114.0
3296,295,109,63.0
3297,295,125,129.0
3298,295,140,141.0
3299,295,219,150.0
3300,295,281,115.0
3301,295,297,61.0
3302,295,309,109.0
3303,295,355,129.0
3304,295,356,57.0
3305,295,387,140.0
3306,296,162,145.0
3307,296,184,72.0
3308,296,190,59.0
3309,296,284,100.0
3310,296,312,101.0
3311,297,12,84.0
3312,297,26,90.0
3313,297,45,56.0
3314,297,54,64.0
3315,297,88,77.0
3316,297,102,104.0
3317,297,104,65.0
3318,297,109,109.0
3319,297,132,137.0
3320,297,269,55.0
3321,297,295,71.0
3322,297,309,121.0
3323,297,333,103.0
3324,297,345,76.0
3325,298,69,125.0
3326,298,76,119.0
3327,298,81,79.0
3328,298,131,121.0
3329,298,150,121.0
3330,298,154,93.0
3331,298,243,133.0
3332,298,293,135.0
3333,298,314,74.0
3334,298,324,70.0
3335,298,341,72.0
3336,298,344,129.0
3337,298,358,117.0
3338,298,364,69.0
3339,298,378,96.0
3340,298,397,96.0
3341,299,3,117.0
3342,299,35,108.0
3343,299,74,127.0
3344,299,82,96.0
3345,299,107,54.0
3346,299,130,134.0
3347,299,191,69.0
3348,300,117,102.0
3349,300,159,78.0
3350,300,206,144.0
3351,300,248,58.0
3352,300,359,57.0
3353,300,379,84.0
3354,301,16,131.0
3355,301,31,106.0
3356,301,41,143.0
3357,301,59,74.0
3358,301,120,122.0
3359,301,180,91.0
3360,301,216,88.0
3361,301,220,121.0
3362,301,224,117.0
3363,301,228,104.0
3364,301,232,53.0
3365,301,254,83.0
3366,301,308,132.0
3367,302,110,147.0
3368,302,175,137.0
3369,302,194,123.0
3370,302,234,150.0
3371,302,264,59.0
3372,302,270,83.0
3373,302,279,150.0
3374,302,327,57.0
3375,302,347,65.0
3376,303,56,62.0
3377,303,161,149.0
3378,303,231,56.0
3379,303,390,90.0
3380,304,36,105.0
3381,304,39,83.0
3382,304,115,132.0
3383,304,165,120.0
3384,304,204,135.0
3385,304,205,56.0
3386,304,217,100.0
3387,304,275,139.0
3388,304,282,80.0
3389,304,328,104.0
3390,304,393,71.0
3391,304,394,68.0
3392,304,400,66.0
3393,305,10,71.0
3394,305,52,104.0
3395,305,53,64.0
3396,305,60,147.0
3397,305,79,124.0
3398,305,97,138.0
3399,305,98,67.0
3400,305,118,55.0
3401,305,148,114.0
3402,305,157,133.0
3403,305,172,91.0
3404,305,235,53.0
3405,305,262,135.0
3406,305,266,110.0
3407,305,267,108.0
3408,305,312,104.0
3409,305,318,120.0
3410,305,351,124.0
3411,305,354,108.0
3412,306,22,63.0
3413,306,73,138.0
3414,306,83,150.0
3415,306,93,54.0
3416,306,185,93.0
3417,306,199,79.0
3418,306,233,143.0
3419,306,260,80.0
3420,306,313,127.0
3421,306,326,97.0
3422,306,329,132.0
3423,306,340,53.0
3424,307,14,115.0
3425,307,18,127.0
3426,307,33,114.0
3427,307,34,145.0
3428,307,99,135.0
3429,307,139,66.0
3430,307,166,119.0
3431,307,350,126.0
3432,307,388,149.0
3433,308,9,140.0
3434,308,16,87.0
3435,308,29,128.0
3436,308,59,146.0
3437,308,99,88.0
3438,308,152,69.0
3439,308,180,59.0
3440,308,216,147.0
3441,308,228,148.0
3442,308,250,133.0
3443,308,254,147.0
3444,308,301,106.0
3445,308,388,122.0
3446,309,12,128.0
3447,309,26,108.0
3448,309,45,75.0
3449,309,54,97.0
3450,309,88,95.0
3451,309,104,112.0
3452,309,109,108.0
3453,309,125,69.0
3454,309,140,92.0
3455,309,165,130.0
3456,309,219,110.0
3457,309,295,146.0
3458,309,297,69.0
3459,309,328,103.0
3460,309,355,139.0
3461,309,387,70.0
3462,310,80,105.0
3463,310,96,88.0
3464,310,138,75.0
3465,310,145,114.0
3466,310,158,134.0
3467,310,170,118.0
3468,310,171,85.0
3469,310,174,68.0
3470,310,252,73.0
3471,310,292,92.0
3472,310,317,132.0
3473,310,334,101.0
3474,310,376,106.0
3475,311,13,98.0
3476,311,99,101.0
3477,311,101,109.0
3478,311,112,114.0
3479,311,113,80.0
3480,311,142,93.0
3481,311,152,64.0
3482,311,187,106.0
3483,311,278,85.0
3484,311,383,65.0
3485,311,388,144.0
3486,312,10,126.0
3487,312,53,127.0
3488,312,60,75.0
3489,312,79,125.0
3490,312,97,51.0
3491,312,100,124.0
3492,312,190,64.0
3493,312,262,57.0
3494,312,296,147.0
3495,312,305,112.0
3496,312,354,64.0
3497,313,22,130.0
3498,313,71,61.0
3499,313,93,134.0
3500,313,181,87.0
3501,313,185,149.0
3502,313,306,145.0
3503,313,329,65.0
3504,314,7,115.0
3505,314,76,140.0
3506,314,84,87.0
3507,314,91,101.0
3508,314,126,91.0
3509,314,131,109.0
3510,314,137,78.0
3511,314,150,59.0
3512,314,154,55.0
3513,314,169,80.0
3514,314,218,65.0
3515,314,241,72.0
3516,314,293,67.0
3517,314,298,103.0
3518,314,341,57.0
3519,314,344,54.0
3520,314,364,130.0
3521,314,397,114.0
3522,315,6,122.0
3523,315,62,54.0
3524,315,65,90.0
3525,315,133,69.0
3526,315,134,143.0
3527,315,143,103.0
3528,315,163,89.0
3529,315,188,56.0
3530,315,230,55.0
3531,315,247,72.0
3532,315,316,79.0
3533,315,365,68.0
3534,315,368,131.0
3535,315,371,66.0
3536,315,392,65.0
3537,315,398,120.0
3538,315,399,125.0
3539,316,6,135.0
3540,316,62,130.0
3541,316,127,61.0
3542,316,129,98.0
3543,316,133,91.0
3544,316,163,132.0
3545,316,188,93.0
3546,316,247,92.0
3547,316,315,55.0
3548,316,322,92.0
3549,316,365,113.0
3550,316,398,130.0
3551,316,399,109.0
3552,317,48,54.0
3553,317,63,121.0
3554,317,79,74.0
3555,317,80,63.0
3556,317,96,141.0
3557,317,138,143.0
3558,317,145,78.0
3559,317,170,145.0
3560,317,171,63.0
3561,317,252,112.0
3562,317,266,53.0
3563,317,286,99.0
3564,317,310,89.0
3565,317,331,58.0
3566,317,367,147.0
3567,318,52,139.0
3568,318,97,119.0
3569,318,98,121.0
3570,318,148,106.0
3571,318,157,65.0
3572,318,172,115.0
3573,318,235,117.0
3574,318,262,65.0
3575,318,265,83.0
3576,318,266,139.0
3577,318,292,110.0
3578,318,305,100.0
3579,318,351,86.0
3580,319,24,138.0
3581,319,55,100.0
3582,320,95,62.0
3583,320,103,88.0
3584,320,177,69.0
3585,320,195,125.0
3586,320,238,136.0
3587,320,240,63.0
3588,320,265,142.0
3589,320,292,149.0
3590,320,294,77.0
3591,320,342,90.0
3592,320,343,132.0
3593,320,352,56.0
3594,320,384,129.0
3595,321,1,109.0
3596,321,75,148.0
3597,321,108,95.0
3598,321,117,127.0
3599,321,123,92.0
3600,321,183,111.0
3601,321,208,97.0
3602,321,214,72.0
3603,321,221,113.0
3604,321,259,67.0
3605,322,74,95.0
3606,322,127,88.0
3607,322,129,53.0
3608,322,130,57.0
3609,322,163,78.0
3610,322,188,118.0
3611,322,197,100.0
3612,322,316,116.0
3613,322,399,82.0
3614,323,5,75.0
3615,323,58,90.0
3616,323,90,98.0
3617,323,121,62.0
3618,323,147,125.0
3619,323,156,116.0
3620,323,179,90.0
3621,323,223,124.0
3622,323,238,147.0
3623,323,249,103.0
3624,323,255,80.0
3625,323,294,140.0
3626,323,343,133.0
3627,323,349,128.0
3628,323,374,143.0
3629,324,69,130.0
3630,324,81,56.0
3631,324,131,93.0
3632,324,150,134.0
3633,324,181,82.0
3634,324,237,56.0
3635,324,298,64.0
3636,324,344,135.0
3637,325,7,69.0
3638,325,51,111.0
3639,325,84,132.0
3640,325,137,142.0
3641,325,169,101.0
3642,325,173,86.0
3643,325,192,114.0
3644,325,194,143.0
3645,325,198,61.0
3646,325,218,88.0
3647,325,241,127.0
3648,325,288,119.0
3649,326,73,147.0
3650,326,83,134.0
3651,326,93,128.0
3652,326,181,115.0
3653,326,185,131.0
3654,326,199,84.0
3655,326,237,82.0
3656,326,260,81.0
3657,326,306,113.0
3658,326,329,79.0
3659,327,23,51.0
3660,327,27,134.0
3661,327,168,148.0
3662,327,175,150.0
3663,327,178,51.0
3664,327,225,76.0
3665,327,234,94.0
3666,327,264,100.0
3667,327,268,118.0
3668,327,270,78.0
3669,327,279,134.0
3670,327,283,115.0
3671,327,302,87.0
3672,327,347,108.0
3673,328,2,68.0
3674,328,36,80.0
3675,328,45,76.0
3676,328,54,136.0
3677,328,88,68.0
3678,328,109,79.0
3679,328,125,150.0
3680,328,128,141.0
3681,328,140,95.0
3682,328,165,67.0
3683,328,282,76.0
3684,328,304,65.0
3685,328,309,100.0
3686,328,345,102.0
3687,328,355,82.0
3688,328,387,69.0
3689,328,400,138.0
3690,329,71,72.0
3691,329,81,102.0
3692,329,93,97.0
3693,329,181,67.0
3694,329,185,119.0
3695,329,237,103.0
3696,329,306,124.0
3697,329,313,123.0
3698,329,326,101.0
3699,330,38,92.0
3700,330,40,71.0
3701,330,46,59.0
3702,330,124,93.0
3703,330,227,118.0
3704,330,261,145.0
3705,330,275,77.0
3706,330,276,67.0
3707,330,277,69.0
3708,330,348,91.0
3709,330,361,146.0
3710,330,366,104.0
3711,330,381,112.0
3712,330,391,105.0
3713,331,10,75.0
3714,331,48,148.0
3715,331,52,91.0
3716,331,60,85.0
3717,331,63,64.0
3718,331,79,94.0
3719,331,94,50.0
3720,331,97,63.0
3721,331,145,61.0
3722,331,252,137.0
3723,331,266,67.0
3724,331,286,150.0
3725,331,289,115.0
3726,331,317,110.0
3727,331,354,115.0
3728,331,367,119.0
3729,332,43,118.0
3730,332,111,110.0
3731,332,135,66.0
3732,332,146,110.0
3733,332,193,63.0
3734,332,196,88.0
3735,332,213,61.0
3736,332,215,92.0
3737,332,251,120.0
3738,332,337,97.0
3739,332,380,127.0
3740,332,382,111.0
3741,333,11,96.0
3742,333,12,107.0
3743,333,26,101.0
3744,333,45,94.0
3745,333,102,73.0
3746,333,132,130.0
3747,333,159,128.0
3748,333,160,117.0
3749,333,269,96.0
3750,333,297,147.0
3751,334,41,83.0
3752,334,50,107.0
3753,334,78,137.0
3754,334,80,97.0
3755,334,96,150.0
3756,334,138,98.0
3757,334,145,70.0
3758,334,158,51.0
3759,334,170,68.0
3760,334,171,65.0
3761,334,174,130.0
3762,334,186,53.0
3763,334,211,87.0
3764,334,291,119.0
3765,334,310,82.0
3766,334,376,91.0
3767,335,7,111.0
3768,335,47,112.0
3769,335,69,54.0
3770,335,77,55.0
3771,335,136,55.0
3772,335,150,114.0
3773,335,154,109.0
3774,335,167,134.0
3775,335,210,62.0
3776,335,272,74.0
3777,335,363,61.0
3778,336,111,123.0
3779,336,122,107.0
3780,336,155,148.0
3781,336,183,66.0
3782,336,201,143.0
3783,336,242,103.0
3784,336,244,141.0
3785,336,251,52.0
3786,336,257,123.0
3787,336,337,93.0
3788,337,43,123.0
3789,337,111,124.0
3790,337,122,102.0
3791,337,135,61.0
3792,337,201,52.0
3793,337,207,130.0
3794,337,213,85.0
3795,337,215,55.0
3796,337,244,64.0
3797,337,251,119.0
3798,337,257,61.0
3799,337,332,115.0
3800,337,336,133.0
3801,337,382,134.0
3802,338,151,90.0
3803,338,248,61.0
3804,338,273,126.0
3805,338,290,133.0
3806,338,346,139.0
3807,338,353,121.0
3808,338,362,138.0
3809,338,377,133.0
3810,339,8,132.0
3811,339,24,103.0
3812,339,117,59.0
3813,339,119,110.0
3814,339,214,97.0
3815,339,259,93.0
3816,339,372,142.0
3817,340,22,68.0
3818,340,73,145.0
3819,340,83,66.0
3820,340,185,146.0
3821,340,199,129.0
3822,340,202,121.0
3823,340,233,138.0
3824,340,253,56.0
3825,340,260,97.0
3826,340,306,85.0
3827,340,357,55.0
3828,340,360,94.0
3829,341,7,73.0
3830,341,69,99.0
3831,341,76,72.0
3832,341,84,86.0
3833,341,126,123.0
3834,341,131,144.0
3835,341,137,58.0
3836,341,150,56.0
3837,341,154,134.0
3838,341,210,50.0
3839,341,241,79.0
3840,341,293,113.0
3841,341,298,109.0
3842,341,314,61.0
3843,341,344,142.0
3844,341,397,78.0
3845,342,31,122.0
3846,342,95,139.0
3847,342,129,112.0
3848,342,176,100.0
3849,342,195,57.0
3850,342,224,107.0
3851,342,232,125.0
3852,342,320,100.0
3853,342,343,90.0
3854,342,352,60.0
3855,342,369,51.0
3856,342,389,135.0
3857,343,5,121.0
3858,343,58,99.0
3859,343,95,86.0
3860,343,103,57.0
3861,343,176,91.0
3862,343,177,125.0
3863,343,195,89.0
3864,343,238,142.0
3865,343,240,137.0
3866,343,249,144.0
3867,343,265,129.0
3868,343,294,146.0
3869,343,320,78.0
3870,343,323,64.0
3871,343,342,126.0
3872,343,349,74.0
3873,343,352,119.0
3874,343,374,105.0
3875,343,384,72.0
3876,343,389,125.0
3877,344,76,127.0
3878,344,81,143.0
3879,344,131,69.0
3880,344,141,137.0
3881,344,150,85.0
3882,344,243,51.0
3883,344,263,99.0
3884,344,293,128.0
3885,344,298,82.0
3886,344,314,103.0
3887,344,324,149.0
3888,344,341,62.0
3889,344,358,89.0
3890,344,364,71.0
3891,344,378,53.0
3892,344,397,133.0
3893,345,2,148.0
3894,345,26,56.0
3895,345,45,94.0
3896,345,88,74.0
3897,345,109,139.0
3898,345,114,88.0
3899,345,128,129.0
3900,345,140,52.0
3901,345,159,135.0
3902,345,297,75.0
3903,345,328,121.0
3904,345,355,57.0
3905,345,379,76.0
3906,345,385,105.0
3907,346,64,70.0
3908,346,123,72.0
3909,346,179,124.0
3910,346,248,98.0
3911,346,338,113.0
3912,346,353,77.0
3913,346,375,124.0
3914,347,23,80.0
3915,347,27,145.0
3916,347,168,125.0
3917,347,175,86.0
3918,347,178,90.0
3919,347,225,104.0
3920,347,234,115.0
3921,347,264,64.0
3922,347,268,53.0
3923,347,279,138.0
3924,347,283,86.0
3925,347,302,132.0
3926,347,327,97.0
3927,348,61,98.0
3928,348,124,81.0
3929,348,205,149.0
3930,348,227,144.0
3931,348,261,81.0
3932,348,275,107.0
3933,348,277,114.0
3934,348,330,77.0
3935,348,361,79.0
3936,348,366,74.0
3937,348,381,127.0
3938,348,393,132.0
3939,349,5,59.0
3940,349,177,96.0
3941,349,179,132.0
3942,349,238,110.0
3943,349,249,90.0
3944,349,265,93.0
3945,349,294,129.0
3946,349,323,51.0
3947,349,343,128.0
3948,349,374,56.0
3949,349,375,52.0
3950,349,384,80.0
3951,350,14,119.0
3952,350,33,63.0
3953,350,34,54.0
3954,350,72,137.0
3955,350,105,118.0
3956,350,139,147.0
3957,350,166,122.0
3958,350,307,108.0
3959,351,10,131.0
3960,351,52,96.0
3961,351,60,128.0
3962,351,63,107.0
3963,351,79,105.0
3964,351,97,107.0
3965,351,98,112.0
3966,351,148,64.0
3967,351,157,130.0
3968,351,172,93.0
3969,351,235,134.0
3970,351,262,66.0
3971,351,266,149.0
3972,351,305,114.0
3973,351,318,136.0
3974,351,354,127.0
3975,352,95,81.0
3976,352,103,134.0
3977,352,176,87.0
3978,352,177,85.0
3979,352,195,85.0
3980,352,224,97.0
3981,352,232,67.0
3982,352,240,54.0
3983,352,294,97.0
3984,352,320,102.0
3985,352,342,150.0
3986,352,343,72.0
3987,352,369,61.0
3988,352,384,113.0
3989,352,389,140.0
3990,353,98,56.0
3991,353,118,97.0
3992,353,182,76.0
3993,353,267,62.0
3994,353,273,66.0
3995,353,290,55.0
3996,353,338,123.0
3997,353,346,93.0
3998,353,375,135.0
3999,354,10,116.0
4000,354,48,72.0
4001,354,52,148.0
4002,354,53,111.0
4003,354,60,108.0
4004,354,79,118.0
4005,354,97,131.0
4006,354,157,82.0
4007,354,190,135.0
4008,354,262,149.0
4009,354,266,65.0
4010,354,305,59.0
4011,354,312,115.0
4012,354,331,120.0
4013,354,351,141.0
4014,355,45,100.0
4015,355,54,82.0
4016,355,88,87.0
4017,355,104,131.0
4018,355,109,123.0
4019,355,125,120.0
4020,355,140,142.0
4021,355,165,142.0
4022,355,219,104.0
4023,355,282,74.0
4024,355,295,95.0
4025,355,309,110.0
4026,355,328,77.0
4027,355,345,117.0
4028,355,387,58.0
4029,355,400,141.0
4030,356,54,127.0
4031,356,104,127.0
4032,356,165,133.0
4033,356,219,114.0
4034,356,281,126.0
4035,356,295,126.0
4036,356,387,148.0
4037,356,395,88.0
4038,357,22,83.0
4039,357,68,87.0
4040,357,202,64.0
4041,357,233,53.0
4042,357,245,62.0
4043,357,340,140.0
4044,358,81,72.0
4045,358,131,52.0
4046,358,141,69.0
4047,358,243,53.0
4048,358,263,67.0
4049,358,287,138.0
4050,358,298,99.0
4051,358,344,59.0
4052,358,364,122.0
4053,358,378,83.0
4054,359,117,130.0
4055,359,123,61.0
4056,359,159,97.0
4057,359,206,106.0
4058,359,248,139.0
4059,359,300,133.0
4060,360,37,77.0
4061,360,73,127.0
4062,360,138,108.0
4063,360,158,144.0
4064,360,199,135.0
4065,360,202,145.0
4066,360,211,52.0
4067,360,253,120.0
4068,360,291,54.0
4069,360,340,107.0
4070,361,38,125.0
4071,361,40,106.0
4072,361,124,143.0
4073,361,164,127.0
4074,361,261,143.0
4075,361,275,72.0
4076,361,276,66.0
4077,361,277,141.0
4078,361,330,53.0
4079,361,348,97.0
4080,361,366,78.0
4081,361,381,98.0
4082,361,391,64.0
4083,362,19,138.0
4084,362,21,137.0
4085,362,114,64.0
4086,362,151,93.0
4087,362,206,107.0
4088,362,290,82.0
4089,362,338,59.0
4090,362,377,58.0
4091,362,385,76.0
4092,363,47,108.0
4093,363,77,117.0
4094,363,89,53.0
4095,363,94,135.0
4096,363,162,133.0
4097,363,167,136.0
4098,363,272,110.0
4099,363,289,115.0
4100,363,335,117.0
4101,364,76,124.0
4102,364,91,91.0
4103,364,126,63.0
4104,364,131,93.0
4105,364,141,142.0
4106,364,243,133.0
4107,364,263,50.0
4108,364,293,133.0
4109,364,298,75.0
4110,364,314,91.0
4111,364,344,131.0
4112,364,358,75.0
4113,364,378,123.0
4114,364,397,107.0
4115,365,6,121.0
4116,365,58,120.0
4117,365,65,86.0
4118,365,90,65.0
4119,365,127,119.0
4120,365,147,131.0
4121,365,156,95.0
4122,365,188,64.0
4123,365,223,69.0
4124,365,230,123.0
4125,365,249,51.0
4126,365,255,123.0
4127,365,280,83.0
4128,365,315,66.0
4129,365,316,147.0
4130,365,371,136.0
4131,365,398,124.0
4132,366,40,144.0
4133,366,115,56.0
4134,366,124,126.0
4135,366,164,94.0
4136,366,217,70.0
4137,366,261,119.0
4138,366,275,106.0
4139,366,330,136.0
4140,366,348,132.0
4141,366,361,143.0
4142,366,381,97.0
4143,366,391,139.0
4144,366,393,124.0
4145,367,37,118.0
4146,367,48,68.0
4147,367,89,87.0
4148,367,94,125.0
4149,367,138,125.0
4150,367,145,123.0
4151,367,167,84.0
4152,367,286,128.0
4153,367,289,87.0
4154,367,317,66.0
4155,367,331,121.0
4156,368,6,58.0
4157,368,25,59.0
4158,368,62,121.0
4159,368,65,82.0
4160,368,133,100.0
4161,368,134,75.0
4162,368,155,145.0
4163,368,230,50.0
4164,368,242,141.0
4165,368,315,78.0
4166,368,371,86.0
4167,368,386,134.0
4168,368,392,102.0
4169,368,398,105.0
4170,369,31,148.0
4171,369,78,54.0
4172,369,176,52.0
4173,369,195,116.0
4174,369,220,125.0
4175,369,224,74.0
4176,369,228,68.0
4177,369,232,142.0
4178,369,342,95.0
4179,369,352,123.0
4180,370,25,105.0
4181,370,49,104.0
4182,370,70,115.0
4183,370,229,72.0
4184,370,386,114.0
4185,371,6,108.0
4186,371,65,63.0
4187,371,133,63.0
4188,371,155,132.0
4189,371,230,72.0
4190,371,242,116.0
4191,371,280,101.0
4192,371,315,50.0
4193,371,365,85.0
4194,371,368,64.0
4195,371,392,145.0
4196,371,398,118.0
4197,372,8,133.0
4198,372,24,133.0
4199,372,55,81.0
4200,372,119,112.0
4201,372,214,65.0
4202,372,339,149.0
4203,373,4,130.0
4204,373,13,78.0
4205,373,68,72.0
4206,373,112,95.0
4207,373,113,71.0
4208,373,142,105.0
4209,373,202,148.0
4210,373,245,94.0
4211,373,383,62.0
4212,374,5,93.0
4213,374,58,140.0
4214,374,121,83.0
4215,374,147,135.0
4216,374,156,123.0
4217,374,179,71.0
4218,374,223,93.0
4219,374,238,69.0
4220,374,249,71.0
4221,374,255,75.0
4222,374,294,58.0
4223,374,323,109.0
4224,374,343,138.0
4225,374,349,102.0
4226,374,384,68.0
4227,374,389,97.0
4228,375,5,87.0
4229,375,64,116.0
4230,375,148,145.0
4231,375,179,135.0
4232,375,346,98.0
4233,375,349,145.0
4234,375,353,101.0
4235,376,41,54.0
4236,376,50,60.0
4237,376,78,139.0
4238,376,80,72.0
4239,376,138,120.0
4240,376,158,73.0
4241,376,170,89.0
4242,376,171,84.0
4243,376,174,122.0
4244,376,186,58.0
4245,376,211,117.0
4246,376,310,108.0
4247,376,334,128.0
4248,377,19,95.0
4249,377,21,64.0
4250,377,32,139.0
4251,377,151,113.0
4252,377,273,72.0
4253,377,290,117.0
4254,377,338,117.0
4255,377,362,92.0
4256,378,76,54.0
4257,378,131,94.0
4258,378,141,127.0
4259,378,243,59.0
4260,378,263,139.0
4261,378,287,121.0
4262,378,298,52.0
4263,378,344,90.0
4264,378,358,103.0
4265,378,364,89.0
4266,378,397,143.0
4267,379,2,107.0
4268,379,114,64.0
4269,379,151,70.0
4270,379,159,50.0
4271,379,206,67.0
4272,379,300,53.0
4273,379,345,147.0
4274,379,385,94.0
4275,380,42,131.0
4276,380,43,86.0
4277,380,135,58.0
4278,380,146,93.0
4279,380,196,52.0
4280,380,203,81.0
4281,380,212,83.0
4282,380,213,66.0
4283,380,215,118.0
4284,380,332,89.0
4285,380,382,141.0
4286,381,36,126.0
4287,381,61,129.0
4288,381,124,139.0
4289,381,205,82.0
4290,381,227,80.0
4291,381,261,150.0
4292,381,275,141.0
4293,381,330,121.0
4294,381,348,89.0
4295,381,361,107.0
4296,381,366,133.0
4297,381,393,145.0
4298,382,43,113.0
4299,382,111,109.0
4300,382,135,115.0
4301,382,146,65.0
4302,382,196,114.0
4303,382,203,97.0
4304,382,213,52.0
4305,382,215,147.0
4306,382,251,64.0
4307,382,274,114.0
4308,382,332,144.0
4309,382,337,127.0
4310,382,380,73.0
4311,383,4,117.0
4312,383,13,82.0
4313,383,29,95.0
4314,383,101,92.0
4315,383,112,101.0
4316,383,113,87.0
4317,383,142,105.0
4318,383,152,89.0
4319,383,187,92.0
4320,383,278,104.0
4321,383,285,66.0
4322,383,311,79.0
4323,383,373,104.0
4324,384,5,125.0
4325,384,95,87.0
4326,384,103,75.0
4327,384,172,84.0
4328,384,177,104.0
4329,384,195,95.0
4330,384,238,105.0
4331,384,240,54.0
4332,384,249,106.0
4333,384,265,55.0
4334,384,292,81.0
4335,384,294,125.0
4336,384,320,97.0
4337,384,343,109.0
4338,384,349,105.0
4339,384,352,139.0
4340,384,374,128.0
4341,385,2,54.0
4342,385,19,52.0
4343,385,21,140.0
4344,385,114,102.0
4345,385,128,124.0
4346,385,151,117.0
4347,385,159,61.0
4348,385,206,53.0
4349,385,345,129.0
4350,385,362,149.0
4351,385,379,134.0
4352,386,25,147.0
4353,386,49,64.0
4354,386,70,136.0
4355,386,155,70.0
4356,386,201,147.0
4357,386,207,122.0
4358,386,229,79.0
4359,386,242,105.0
4360,386,251,129.0
4361,386,274,86.0
4362,386,368,125.0
4363,386,370,138.0
4364,387,54,54.0
4365,387,88,143.0
4366,387,104,58.0
4367,387,125,98.0
4368,387,140,59.0
4369,387,165,110.0
4370,387,219,102.0
4371,387,281,145.0
4372,387,295,85.0
4373,387,309,51.0
4374,387,328,93.0
4375,387,355,65.0
4376,387,356,63.0
4377,387,400,88.0
4378,388,9,65.0
4379,388,33,145.0
4380,388,99,54.0
4381,388,152,103.0
4382,388,250,109.0
4383,388,307,107.0
4384,388,308,76.0
4385,388,311,118.0
4386,389,58,87.0
4387,389,95,102.0
4388,389,127,139.0
4389,389,129,77.0
4390,389,176,54.0
4391,389,188,59.0
4392,389,249,111.0
4393,389,294,100.0
4394,389,342,142.0
4395,389,343,130.0
4396,389,352,118.0
4397,389,374,55.0
4398,390,39,53.0
4399,390,57,115.0
4400,390,115,69.0
4401,390,161,109.0
4402,390,217,133.0
4403,390,231,139.0
4404,390,303,54.0
4405,391,40,112.0
4406,391,164,73.0
4407,391,330,147.0
4408,391,361,57.0
4409,391,366,124.0
4410,392,6,141.0
4411,392,62,121.0
4412,392,65,139.0
4413,392,133,111.0
4414,392,134,63.0
4415,392,155,131.0
4416,392,230,144.0
4417,392,242,141.0
4418,392,315,63.0
4419,392,368,114.0
4420,392,371,67.0
4421,392,398,147.0
4422,393,39,121.0
4423,393,115,150.0
4424,393,164,135.0
4425,393,204,82.0
4426,393,205,139.0
4427,393,217,122.0
4428,393,275,148.0
4429,393,304,128.0
4430,393,348,113.0
4431,393,366,107.0
4432,393,381,100.0
4433,394,39,105.0
4434,394,115,104.0
4435,394,125,94.0
4436,394,165,91.0
4437,394,204,128.0
4438,394,205,54.0
4439,394,217,64.0
4440,394,231,121.0
4441,394,282,110.0
4442,394,304,124.0
4443,394,400,68.0
4444,395,56,103.0
4445,395,67,81.0
4446,395,356,118.0
4447,396,15,59.0
4448,396,20,102.0
4449,396,32,105.0
4450,396,53,147.0
4451,396,100,88.0
4452,396,118,108.0
4453,396,182,64.0
4454,396,189,83.0
4455,396,239,96.0
4456,396,256,51.0
4457,396,273,96.0
4458,397,76,132.0
4459,397,91,60.0
4460,397,126,88.0
4461,397,131,113.0
4462,397,137,85.0
4463,397,169,97.0
4464,397,222,67.0
4465,397,243,77.0
4466,397,263,94.0
4467,397,293,105.0
4468,397,298,105.0
4469,397,314,86.0
4470,397,341,144.0
4471,397,344,60.0
4472,397,364,67.0
4473,397,378,87.0
4474,398,6,128.0
4475,398,62,140.0
4476,398,65,110.0
4477,398,133,102.0
4478,398,134,111.0
4479,398,143,128.0
4480,398,163,79.0
4481,398,188,63.0
4482,398,230,92.0
4483,398,246,108.0
4484,398,247,50.0
4485,398,315,78.0
4486,398,316,75.0
4487,398,365,62.0
4488,398,368,90.0
4489,398,371,119.0
4490,398,392,121.0
4491,398,399,94.0
4492,399,6,84.0
4493,399,62,70.0
4494,399,74,104.0
4495,399,127,118.0
4496,399,129,86.0
4497,399,133,71.0
4498,399,143,73.0
4499,399,163,145.0
4500,399,188,73.0
4501,399,197,125.0
4502,399,246,91.0
4503,399,247,73.0
4504,399,315,68.0
4505,399,316,144.0
4506,399,322,131.0
4507,399,398,132.0
4508,400,39,147.0
4509,400,125,109.0
4510,400,165,101.0
4511,400,204,145.0
4512,400,219,118.0
4513,400,231,114.0
4514,400,281,106.0
4515,400,282,53.0
4516,400,304,61.0
4517,400,328,90.0
4518,400,355,138.0
4519,400,387,105.0
4520,400,394,84.0
